SYMBOL,OPEN,LOW,HIGH,CLOSE,LAST
20MICRONS,96.85,95.4,97.85,95.95,96.25
21STCENMGM,23.15,22.8,23.6,23.3,23
3IINFOLTD,42.6,42.25,43.4,42.6,42.5
3MINDIA,23552,23330,23588.1,23384.1,23429.85
3PLAND,19,18.25,19.1,18.95,19
4THDIM,79.9,79.9,79.9,79.9,79.9
5PAISA,331.5,331.5,363,353.65,354.7
63MOONS,172,167.85,173.45,168.55,168.15
A2ZINFRA,10.95,10.75,11.25,10.85,10.85
AAKASH,14.65,13.95,14.65,14.15,14.05
AAREYDRUGS,38.6,38.6,42.75,40,39.55
AARON,161.5,157.1,164,160.5,163
AARTIDRUGS,3771.5,3748.9,3794,3784.6,3782
AARTIIND,28.53,28.41,28.74,28.43,28.42
AARTISURF,2279,2271,2295.85,2283.25,2279.75
AARVEEDEN,376.25,372,380,372,372
AARVI,36.15,35.75,36.2,35.95,36.1
AAVAS,1180,1160.65,1180,1160.71,1160.65
ABAN,1140.65,1140.65,1140.65,1140.65,1140.65
ABB,1197,1197,1197,1197,1197
ABBOTINDIA,1210,1206,1210.01,1206,1206
ABCAPITAL,1205,1205,1205,1205,1205
ABFRL,1414.6,1386.6,1414.6,1394.07,1390
ABMINTLLTD,129.5,126.8,130.5,129.2,128.45
ABSLAMC,900,900,900,900,900
ACC,925,925,925,925,925
ACCELYA,905,900,905,905,905
ACCURACY,1400,1400,1400,1400,1400
ACE,975.6,975.6,975.6,975.6,975.6
ACRYSIL,1015,1015,1015,1015,1015
ADANIENT,905,901.4,905,901.4,901.4
ADANIGREEN,955,955,955,955,955
ADANIPORTS,1000,1000,1000,1000,1000
ADANIPOWER,979,979,979,979,979
ADANITRANS,969.99,969.99,969.99,969.99,969.99
ADFFOODS,1110,1015,1110,1015,1015
ADL,10,9.65,10.05,9.75,9.75
ADORWELD,1093.99,1093,1094,1094,1094
ADROITINFO,353,349,356.4,350.4,349.3
ADSL,1035,1035,1035,1035,1035
ADVANIHOTR,1003,1002,1003,1002,1002
ADVENZYMES,1006.15,1006.15,1006.15,1006.15,1006.15
AEGISCHEM,1021,1020.01,1030,1029.8,1029.8
AETHER,1007.91,1004.01,1009.01,1009,1009
AFFLE,994,975,997,975.81,989.4
AGARIND,958.25,918.05,958.25,918.05,918.05
AGI,21.35,21.3,21.45,21.4,21.4
AGRITECH,1095,1095,1095,1095,1095
AGROPHOS,1224.99,1224.99,1224.99,1224.99,1224.99
AGSTRA,1100,1100,1100,1100,1100
AHLADA,1070.3,1070.3,1070.3,1070.3,1070.3
AHLEAST,1250,1239.2,1250,1239.96,1239.2
AHLUCONT,1050,1045.01,1050,1045.01,1045.01
AIAENG,1130,1113.06,1130,1129.06,1129.39
AIRAN,1190,1190,1209.99,1209.99,1209.99
AIROLAM,1058.99,1045.35,1058.99,1051,1051
AJANTPHARM,1137.15,1137,1140,1139.99,1139.99
AJMERA,207.45,203.15,208.25,206.1,205.9
AJOONI,1066,1062,1066,1062,1062
AJRINFRA,37.5,37.4,38.4,37.9,38
AKASH,1249.99,1249.99,1249.99,1249.99,1249.99
AKG,1355,1355,1355,1355,1355
AKSHAR,164.85,164.25,166.8,164.75,165
AKSHARCHEM,1120,1119.99,1120,1119.99,1119.99
AKSHOPTFBR,1242,1242,1250,1250,1250
AKZOINDIA,13.28,13.28,13.4,13.28,13.28
ALANKIT,1050,1047.01,1050,1047.01,1047.01
ALBERTDAVD,1201,1192,1220,1220,1220
ALEMBICLTD,102.6,101.5,103.25,101.95,102
ALICON,1193,1185,1239.7,1219.99,1219.99
ALKALI,1118,1118,1124,1124,1124
ALKEM,1120,1119,1120,1119.4,1119
ALKYLAMINE,1382,1380,1383.88,1380,1380
ALLCARGO,329.3,317.85,330.8,321.6,322.05
ALLSEC,1040.3,1040.3,1378,1378,1378
ALMONDZ,92.7,91.4,92.7,91.95,92
ALOKINDS,1098.79,1098.79,1098.79,1098.79,1098.79
ALPA,1145,1145,1152,1152,1152
ALPHAGEO,1059.5,1059.5,1063,1063,1063
ALPSINDUS,1085,1085,1190,1085,1085
AMARAJABAT,1118.28,1110,1118.28,1110,1110
AMBER,1260,1248,1260,1250.43,1248
AMBICAAGAR,1115,1115,1128.67,1121.23,1128.67
AMBIKCO,1240.1,1240.1,1250,1250,1250
AMBUJACEM,1140.01,1140.01,1140.01,1140.01,1140.01
AMDIND,3.8,3.65,3.8,3.7,3.7
AMIORG,459.9,459.9,461,460,460
AMJLAND,413,413,441,441,441
AMRUTANJAN,1210.9,1175.05,1210.9,1189,1190
ANANDRATHI,1014.7,1014.4,1014.74,1014.4,1014.4
ANANTRAJ,1055,1055,1059.98,1059.98,1059.98
ANDHRAPAP,1033.99,1026.16,1033.99,1026.16,1026.16
ANDHRSUGAR,1063.11,1059,1063.11,1059,1059
ANDREWYU,1003.61,1003.51,1006,1004,1004
ANGELONE,1045.5,1015.8,1045.5,1015.8,1015.8
ANIKINDS,1098,1070,1098,1075,1075
ANKITMETAL,1010,1010,1013.01,1012,1012
ANMOL,1095,1095,1097,1097,1097
ANSALAPI,1097.01,1097.01,1097.01,1097.01,1097.01
ANTGRAPHIC,1000,1000,1000,1000,1000
ANUP,1020,1020,1020,1020,1020
ANURAS,1067.01,1063.2,1067.8,1063.2,1063.2
APARINDS,173.65,172.8,175.75,173.15,173.3
APCL,699.99,699.99,699.99,699.99,699.99
APCOTEXIND,999,998.5,999,998.55,998.5
APEX,1004,1004,1004,1004,1004
APLAPOLLO,1008,1008,1008,1008,1008
APLLTD,448,441.85,459.5,454.35,459.5
APOLLO,772.95,771.1,786.6,781.85,781
APOLLOHOSP,793.7,780.1,798.7,784.4,781
APOLLOPIPE,25.7,25.3,25.95,25.4,25.3
APOLLOTYRE,167,163.1,175,168.1,168
APOLSINHOT,2100,2062,2122.9,2072.3,2077
APTECHT,51.6,50.2,51.75,50.55,50.4
APTUS,3259,3238.2,3306.7,3265.85,3269.25
ARCHIDPLY,18401.9,18130.05,18448.95,18175.2,18170
ARCHIES,111.9,109.5,112.2,110.2,110.2
ARENTERP,332,325.1,332.2,328.6,328
ARIES,78,74.7,78.45,78.45,78.45
ARIHANTCAP,439,435.3,440.95,437.05,436.25
ARIHANTSUP,2316,2242.9,2318,2253.9,2248.65
ARMANFIN,1065.2,1061.05,1083.85,1070.4,1074.1
AROGRANITE,258.9,253.75,270.3,264.15,261.35
ARROWGREEN,291.4,277.6,291.5,280.6,281.25
ARSHIYA,590,577,592.95,579,580
ARSSINFRA,3218,3189,3262.8,3233.65,3228
ARTEMISMED,2115,2071.1,2115,2083.35,2090
ARTNIRMAN,807,777,811.75,784.75,785.5
ARVEE,356.95,341.7,356.95,346.85,347.2
ARVIND,3188,3102,3211.85,3121.1,3122
ARVINDFASN,714.3,696,714.3,699,698
ARVSMART,69,65.75,69.75,68.9,67.9
ASAHIINDIA,886.1,875,897,878.8,875.35
ASAHISONG,17,15.5,17,15.6,15.5
ASAL,102.95,101.1,104.85,101.8,101.15
ASALCBR,82.45,81.15,83.75,81.6,81.9
ASHAPURMIN,272.8,268,272.85,268.75,269.5
ASHIANA,275.95,270,275.95,272,271.9
ASHIMASYN,959.9,931.5,959.9,950.3,951
ASHOKA,1201.65,1158,1215,1180.65,1176.7
ASHOKLEY,699.9,682.2,717,687.5,686
ASIANENE,324.9,322,330.2,325.7,325
ASIANHOTNR,96.3,96.25,99.35,97.8,97.05
ASIANPAINT,35.1,34.2,35.1,34.4,34.3
ASIANTILES,85.9,83.7,86.15,84.5,84.45
ASPINWALL,118.45,113.1,124,119.5,121.85
ASTEC,144.6,137.4,144.6,137.4,137.4
ASTERDM,430.45,418.05,430.45,422.85,420
ASTRAL,2550,2550,2628.05,2598.05,2600
ASTRAMICRO,18.2,17.45,18.2,17.75,17.8
ASTRAZEN,108.4,106.4,113.6,109.95,108.75
ASTRON,1259.95,1241,1270,1255.3,1259.8
ATFL,259.05,256.3,260.7,256.85,256.9
ATGL,8,7.75,8.15,7.9,7.95
ATLANTA,1.6,1.5,1.6,1.55,1.55
ATUL,36,34.05,36.55,36.55,36.55
ATULAUTO,61,58.4,61,59.7,59.7
AUBANK,47.15,47.15,50.7,47.15,47.15
AURIONPRO,344.8,330.95,348.9,335.95,336
AUROPHARMA,11.7,11.1,11.85,11.25,11.25
AURUM,2183.7,2105,2189.95,2113.25,2119
AUSOMENT,11.75,11.45,11.75,11.55,11.5
AUTOAXLES,561,552,568.95,559.05,557
AUTOIND,66.15,65.35,68.9,66.05,65.5
AVADHSUGAR,840.05,821,848.95,822.2,829.85
AVANTIFEED,106.25,103.3,109.15,104.7,104
AVROIND,3155,3102,3165,3125.55,3122.75
AVTNPL,2827.4,2824.95,2875,2845.2,2852
AWHCL,400,390.1,401.5,394.55,396.9
AWL,493.8,489.05,509.6,494.85,504
AXISBANK,82.25,81.4,87.6,84.05,84.6
AXISCADES,17.7,16.85,17.9,17,17.1
AXITA,59.15,57.35,60.05,58.75,58.9
AYMSYNTEX,295.9,285,299.15,292.25,292
BAFNAPH,2.35,2.25,2.35,2.3,2.35
BAGFILMS,494.3,488.4,496.55,490.7,490.65
BAJAJ-AUTO,2340,2269.2,2340.95,2277.6,2283.95
BAJAJCON,28.7,27.7,28.7,27.75,27.7
BAJAJELEC,1566.6,1549.9,1593,1568.7,1577.7
BAJAJFINSV,505.4,491.5,505.4,496.85,495.55
BAJAJHCARE,73.9,72.35,74,73.45,73.5
BAJAJHIND,919.9,910.05,922.8,916.75,912
BAJAJHLDNG,28.2,27.5,28.35,27.9,27.8
BAJFINANCE,719.25,710.05,720.15,713.8,714.35
BALAJITELE,668.95,660.05,691.3,681.05,678
BALAMINES,101.1,98.9,102.3,100.45,100.15
BALAXI,429,429,438.1,433.35,431
BALKRISHNA,143.35,141.5,145.45,143.05,143.5
BALKRISIND,20.15,19.8,20.15,19.9,19.8
BALMLAWRIE,1593.4,1562.55,1605,1588.35,1593
BALPHARMA,42.5,40.4,43.45,41.15,41.2
BALRAMCHIN,5.85,5.75,5.9,5.8,5.85
BANARBEADS,164.75,164.75,168.85,166.85,167.65
BANARISUG,21.05,20.3,21.65,21.2,21.3
BANCOINDIA,0.75,0.7,0.75,0.7,0.75
BANDHANBNK,880,865,908,896.5,904.3
BANG,727.95,725,754,729.35,730
BANKA,1382.1,1382,1414,1396.8,1405
BANKBARODA,226.2,226.2,235,228.95,228
BANKINDIA,561,560.25,572.75,566.45,566.25
BANSWRAS,298,294.05,302,296.6,298.1
BARBEQUE,1100,1086,1119,1089.65,1096
BARTRONICS,583.95,572.35,587.9,575.6,574.5
BASF,203.9,203,223.5,216.15,214.8
BASML,4270.1,4236,4317.95,4266.05,4270
BATAINDIA,515,515,523,520.4,519.5
BAYERCROP,273.7,268.15,275.5,272.25,272
BBL,1463.05,1440,1591.25,1591.25,1591.25
BBOX,304,290.5,304.8,296.6,294.9
BBTC,302.25,293,307.35,301.2,302
BCG,81,79.35,81.75,79.65,80
BCLIND,21.35,21.05,23.4,22.8,22.6
BCONCEPTS,32.05,31.7,35.25,35.05,35
BCP,137,135.65,139.7,137.75,138
BDL,75.9,61.4,76,68.05,68.95
BEARDSELL,220.5,216.55,223.8,221.75,219.85
BECTORFOOD,1389,1365.7,1404.35,1375.65,1371.2
BEDMUTHA,49.1,48,49.45,49.1,48.5
BEL,116.95,111.9,119.2,119.2,119.2
BEML,13.25,13.15,13.5,13.35,13.5
BEPL,21.5,20.9,21.5,21.35,21.35
BERGEPAINT,65.7,64.3,66.4,64.45,64.95
BESTAGRO,113.1,112.8,113.1,112.8,112.8
BFINVEST,100.95,90.1,100.95,91,90.6
BFUTILITIE,96.95,95.2,97.9,95.65,95.6
BGRENERGY,314.9,304.05,316.5,305.2,305.8
BHAGCHEM,252,242.35,254.9,243.95,244
BHAGERIA,620,619.95,634,622.3,621
BHAGYANGR,300,294.75,301.15,297.6,301
BHAGYAPROP,408,397.5,408,400.25,401.55
BHANDARI,477.85,470,481.9,471.15,473
BHARATFORG,89.65,88.1,90,88.7,88.85
BHARATGEAR,165,160.25,165.25,161.45,160.5
BHARATRAS,15.65,15.2,15.75,15.25,15.35
BHARATWIRE,76.5,75.1,77,75.95,75.95
BHARTIARTL,149.6,146.1,150.15,147.1,147.35
BHEL,71.75,71.25,72.8,71.5,71.5
BIGBLOC,92.4,90.6,93.4,92.7,92.5
BIL,3230.1,3193.9,3258.2,3209,3206
BINDALAGRO,57,56.3,58.3,57.1,57.2
BIOCON,242.75,234.6,245.95,235.85,237
BIOFILCHEM,2110,2110,2264.45,2145.6,2159
BIRLACABLE,237.2,232,241.5,237.75,236.45
BIRLACORPN,2197.95,2138.3,2197.95,2152.3,2153
BIRLAMONEY,303,295.6,306.15,301.2,300.9
BKMINDST,3079.8,2945.05,3089.85,2963.1,2965
BLBLIMITED,34.85,33.6,34.9,34.3,34.4
BLISSGVS,721.9,712.85,728,718.1,715.25
BLKASHYAP,3190,3151.25,3238,3177.35,3183.95
BLS,20.85,20.5,21.75,21.35,21.35
BLUEDART,8739.3,8623,8817.6,8763.2,8799.85
BLUESTARCO,245.2,245.2,262,259.35,262
BODALCHEM,583.3,578.1,586.9,581.6,581.65
BOMDYEING,419.6,409.05,424.4,418.1,415.15
BOROLTD,518.05,512.6,519.65,515.7,515.65
BORORENEW,127,124,127.95,126.45,127
BOSCHLTD,72.05,72,72.9,72.35,72.8
BPCL,2008,1963.6,2044,2036.25,2028
BPL,111,105.5,113.95,106.5,105.7
BRIGADE,526.15,511.55,528.4,514.3,515
BRNL,102.65,102,104,103.15,102.8
BROOKS,308.2,305.35,322.75,313.45,312.5
BSE,696,680.65,702,683.8,682.7
BSHSL,807,795.6,814.95,802,805
BSL,166.95,163,167.5,164.2,164
BSOFT,366,347.65,370,353.85,358.2
BURNPUR,78.05,75.55,78.25,76.15,76.15
BUTTERFLY,104.7,100.3,104.7,103.75,103.75
BVCL,5.55,5.35,5.6,5.4,5.45
BYKE,3616.85,3590,3648.8,3604.8,3602.4
CALSOFT,155.5,151.5,156,152.7,152.5
CAMLINFINE,1155,1141.2,1169.95,1156.7,1149
CAMPUS,1692.95,1666.45,1694.55,1681.75,1681.7
CAMS,344.3,335.1,349.8,346.15,344.9
CANBK,11.1,10.75,11.1,10.75,10.8
CANDC,6684,6607,6690,6651.85,6640
CANFINHOME,7220.5,7114.7,7226,7151.65,7150.5
CANTABIL,48.7,47.55,49.9,48.35,48.3
CAPACITE,3065,3027.3,3088.35,3038.75,3041
CAPLIPOINT,609.9,581.05,609.9,593.95,598.9
CAPTRUST,35.05,33,35.45,34.55,35
CARBORUNIV,1947.5,1911.3,1947.5,1922.9,1921
CAREERP,112.5,111.65,113.25,111.95,112
CARERATING,94.05,92.25,94.05,93,92.8
CARTRADE,355.65,352,359.8,353.9,353.35
CASTROLIND,82.55,82.1,84.55,82.8,83
CCCL,2899.7,2808,2899.7,2812.05,2808
CCHHL,182,177.6,182.75,179.55,179.65
CCL,267.3,263,268.35,264.25,264.7
CDSL,48.9,45.4,49.45,46.4,46.3
CEATLTD,68.8,68.5,69.9,69,68.5
CELEBRITY,132,129.2,132.8,130,129.9
CENTENKA,47.2,46.15,47.45,46.3,46.2
CENTEXT,97.4,95,97.9,95.6,95.3
CENTRALBK,1067.85,1050.2,1069.9,1052.55,1051.1
CENTRUM,3.7,3.55,3.7,3.65,3.65
CENTUM,2855,2845.45,2885.55,2874.5,2868
CENTURYPLY,50.2,49.65,50.6,50.05,50.05
CENTURYTEX,1802,1781.75,1825,1822.25,1820
CERA,4672,4645,4693.65,4648.25,4645
CEREBRAINT,1965.85,1912.05,1984.7,1920.5,1913.05
CESC,168.95,166.9,172.65,170.65,170
CGCL,903.9,898,909.85,900.5,898
CGPOWER,38.8,35.95,38.95,36.35,36.1
CHALET,329.1,321.1,333.05,323.45,324.85
CHAMBLFERT,187.4,176.25,187.4,184.05,184
CHEMBOND,4.8,4.55,4.85,4.6,4.55
CHEMCON,882.7,861.55,885,864.5,864
CHEMFAB,22.3,20.6,22.3,21.1,21.1
CHEMPLASTS,380.05,377,384.2,383.1,383.3
CHENNPETRO,68.8,66.7,75,74.3,75
CHEVIOT,103.25,101.05,104.4,101.4,101.5
CHOICEIN,1521,1512,1531.95,1519.4,1516
CHOLAFIN,117.6,115.05,118.25,116.2,116.45
CHOLAHLDNG,625,614,631.75,615.2,616.4
CIGNITITEC,1328.9,1281,1336.85,1303.45,1311
CINELINE,301.85,295.1,302.35,299.45,299.3
CINEVISTA,406.5,396.85,409.6,399.85,400
CIPLA,71.3,69.4,71.75,70.25,70.1
CLEAN,1349.9,1320,1349.95,1321,1335
CLEDUCATE,169.45,168.15,174,172.95,173.45
CLNINDIA,45.35,42.75,45.35,44.05,44
CLSEL,41.3,41.25,42,41.4,41.25
CMICABLES,5.45,5.35,5.5,5.4,5.45
CMSINFO,765.65,745.35,766.7,748.25,748
COALINDIA,144.75,140.05,145.65,141.65,140.85
COASTCORP,10952,10800.05,11095,10899.15,10990
COCHINSHIP,114.45,113.1,116.9,114.55,114.75
COFFEEDAY,775,767.65,779,768.9,768
COFORGE,61.9,60.3,62.35,60.65,60.65
COLPAL,126.65,123.7,129,127.2,127.75
COMPINFO,220,211.6,220,214.7,216.4
COMPUSOFT,25.75,25.3,25.8,25.5,25.45
CONCOR,268.5,261.25,268.8,262.4,262.7
CONFIPET,49.1,48.05,49.1,48.35,48.4
CONSOFINVT,135.65,131.7,135.65,133,133.4
CONTROLPR,907.55,891.05,910,904.1,905
CORALFINAC,58.75,57.9,67.45,64.65,64.2
CORDSCABLE,1.2,1.2,1.25,1.2,1.25
COROMANDEL,20.55,20,20.75,20,20.05
COSMOFIRST,75.1,74,75.1,74.25,74.55
COUNCODOS,27.3,26.75,27.4,27.2,27.35
CRAFTSMAN,283.5,281.25,291.6,285.05,284.7
CREATIVE,9000,8899.95,9050,8956.6,8955
CREATIVEYE,1180,1135.75,1180,1141.95,1137
CREDITACC,84.25,83.8,86.4,84.15,84.25
CREST,98.4,96.4,99.15,97.3,97
CRISIL,434.4,428.6,441,431.65,431
CROMPTON,568.7,559.05,571.95,561.3,563
CROWN,15700,15480,15739.9,15543.7,15538.25
CSBBANK,304.05,299.5,305.25,300.3,300.6
CSLFINANCE,71,68,71,69.3,69.4
CTE,510.6,486.1,513.05,491.5,490
CUB,36.35,34.5,36.6,35.25,35
CUBEXTUB,110.2,108,112.2,108.65,108.15
CUMMINSIND,590.95,587.2,594.9,591.15,592.5
CUPID,102.8,102.8,112,110.25,111
CYBERMEDIA,142.7,136.55,142.7,137.55,136.75
CYBERTECH,283.3,276.5,283.3,280.45,280.9
CYIENT,5,4.85,5.05,4.9,4.9
DAAWAT,1739,1736.05,1860,1801.35,1787
DABUR,24.8,23.2,24.8,24.25,24.25
DALBHARAT,42.9,41,42.9,41.15,41.2
DALMIASUG,19.1,18.35,19.25,18.5,18.8
DAMODARIND,113.7,111.55,114.55,113.25,113.2
DANGEE,586.95,575,592.8,581.55,576.5
DATAMATICS,2568,2568,2690,2596.6,2587
DATAPATTNS,224.9,221,226.5,223.5,223.55
DBCORP,2.8,2.8,2.8,2.8,2.8
DBL,490.2,487.6,507.35,502.25,502
DBOL,1289.15,1255.55,1289.15,1267.4,1274.25
DBREALTY,163.7,158.85,164.4,159.95,160
DBSTOCKBRO,715,700.05,719.8,710.2,707.8
DCAL,97.45,95,97.85,95.35,96
DCBBANK,884,867.95,893.5,888.5,884.95
DCM,129.45,124.3,132.75,129.25,128.5
DCMFINSERV,514.7,498.5,516.15,502.45,504.1
DCMNVL,597,588.35,602.05,589.4,588.35
DCMSHRIRAM,120,119.6,123.6,123.15,123.3
DCMSRIND,1.75,1.7,1.75,1.7,1.7
DCW,8.2,7.7,8.2,7.75,7.75
DECCANCE,477.2,477.2,493.85,488.25,488
DEEPAKFERT,1211,1210,1230.65,1220.05,1221
DEEPAKNTR,1529.65,1472.45,1532.95,1478.15,1481.65
DEEPENR,22.3,20.75,22.45,21.15,21.15
DEEPINDS,453.3,450.5,457.45,454.05,456
DELHIVERY,11.65,11.1,11.9,11.35,11.25
DELPHIFX,19.5,19.3,19.7,19.4,19.4
DELTACORP,23.75,23.4,24.05,23.6,23.6
DELTAMAGNT,520.4,518,527.95,519,518
DEN,624.85,618.2,625.95,624.3,625.2
DENORA,836.8,813,836.8,816.2,814.1
DEVIT,5430,5374.45,5449.85,5407.7,5410
DEVYANI,38.95,38,39.4,38.2,38
DFMFOODS,78.6,77.55,78.8,77.95,78.2
DGCONTENT,730.15,718.45,736,729.3,736
DHAMPURSUG,255,252.6,259.5,256.65,257.25
DHANBANK,392.05,386.5,401.5,390,390.1
DHANI,318,312.9,321.35,318.45,317.6
DHANUKA,191.8,185.15,191.85,186.4,185.35
DHARAMSI,424,415.1,436.95,424.1,423.05
DHARSUGAR,419.85,398.1,419.9,411.35,409
DHRUV,404.5,399.4,407.8,400.75,401.9
DHUNINV,231.6,228,236.5,228.6,229.2
DIAMONDYD,1211.95,1162.15,1211.95,1181.5,1162.15
DICIND,240.05,236,244.8,241.1,241.1
DIGISPICE,746,723,749.9,724.65,725
DIL,631.7,620.65,649.4,628.35,629.8
DISHTV,522.1,522.1,549.7,547.95,549.7
DIVISLAB,113.3,108.1,113.3,109.2,108.1
DIXON,13.85,12.85,14.05,12.85,12.85
DLF,1108.4,1101.1,1127.85,1103.65,1103
DLINKINDIA,1629.7,1610,1631.25,1613,1615.1
DMART,143,138.65,145,139.25,138.8
DNAMEDIA,418.75,409,424,409.9,409.9
DODLA,115.55,112.1,116,114.05,113.5
DOLATALGO,23.65,23.1,24.75,23.4,23.5
DOLLAR,292,286.05,298,288.05,287.9
DONEAR,232.2,231.1,235.6,234.55,234.05
DPABHUSHAN,324,309.6,324,313.25,312
DPSCLTD,533.2,530.1,552.4,542.05,543.5
DPWIRES,52.7,50.2,53.2,50.5,50.5
DRCSYSTEMS,3620,3580,3647,3633.9,3627
DREAMFOLKS,1571.4,1547.15,1577.15,1553.95,1554.7
DREDGECORP,23.85,23.1,23.85,23.2,23.1
DRREDDY,22.65,21.65,22.7,22.55,22.65
DSSL,712,692.4,720.8,695.1,695.05
DTIL,75.95,74.4,76.5,74.85,75.5
DUCON,140.45,137.15,143,137.6,137.5
DVL,428.95,424,432.8,428.9,432.8
DWARKESH,36.3,35.05,36.3,35.3,35.45
DYCL,63,62.5,65,63.45,63.35
DYNAMATECH,977,967.05,982.8,969.9,968
DYNPRO,843,820.2,843,834.35,839
E2E,4,3.9,4,4,4
EASEMYTRIP,2761.1,2732.25,2789,2748.6,2756
EASTSILK,472.2,452,483,459.35,460
ECLERX,4.45,4.3,4.45,4.4,4.4
EDELWEISS,986.95,978.55,1002.45,991.8,995
EICHERMOT,154.45,150.1,154.6,150.4,150.25
EIDPARRY,3100,3066.05,3124.75,3094.4,3109
EIFFL,387.6,378,387.8,383.85,384.9
EIHAHOTELS,39.2,37,39.45,37.2,37
EIHOTEL,237.7,237.45,245,243.3,244.65
EIMCOELECO,253.6,243.1,256.2,246.1,245
EKC,66.2,64.25,66.35,64.6,64.5
ELDEHSG,185.75,179.6,185.9,182,182
ELECON,27.3,26.55,27.8,27.05,26.7
ELECTCAST,1208.1,1182.05,1219.4,1189.2,1191
ELECTHERM,246.6,240.15,247.95,245.5,246
ELGIEQUIP,22.5,20.4,22.5,20.4,20.4
ELGIRUBCO,140.85,139,141.4,139.55,139
EMAMILTD,784,767.2,784,772.65,772.25
EMAMIPAP,119.35,117.5,121.75,119.95,120.2
EMAMIREAL,535,529.25,538.55,530,529.85
EMKAY,1511,1489.65,1528.6,1506.4,1509
EMMBI,331.5,331.5,337.05,335.35,334.8
EMUDHRA,47.55,46,47.65,46.4,46.1
ENDURANCE,22,21.5,22.4,21.7,21.6
ENERGYDEV,307.45,305.4,311.05,307.6,310
ENGINERSIN,1158,1151,1175.5,1164.5,1166
ENIL,123.4,120,123.65,121.05,121.35
EPL,221,216.15,222.15,217.25,218.35
EQUIPPP,168,162.15,168.45,163.65,163.3
EQUITAS,113.9,109,116.8,110.2,109.45
EQUITASBNK,26.2,24.45,26.2,24.5,24.5
ERIS,106.3,101.5,106.45,102.75,103.1
EROSMEDIA,100.3,96.35,100.3,97.05,97
ESABINDIA,83,80.55,84.2,83.7,84.2
ESCORTS,5.7,5.7,5.7,5.7,5.7
ESSARSHPNG,174,172.8,182.85,180.7,180
ESSENTIA,1063.25,1036,1070.8,1051.8,1058
ESTER,79.85,77.15,79.85,78.15,78.4
ETHOSLTD,57.6,56.5,58.4,57.15,56.85
EUROTEXIND,502.1,498.95,517.85,516.65,516.95
EVEREADY,901.9,887.05,905.8,891.7,895.9
EVERESTIND,2225,2204.1,2250.45,2225.45,2221.05
EXCEL,135.75,132.25,139.75,139.75,139.75
EXCELINDUS,283.4,283.4,302.4,300.9,300
EXIDEIND,565.7,556.65,566.95,560.2,561.3
EXPLEOSOL,418,400.7,418,404.8,402.05
EXXARO,217.2,212.3,217.6,214.25,214.15
FACT,84,84,88.9,86.05,86.7
FAIRCHEMOR,32.7,32.3,34.35,33.2,33.4
FCL,922,878.55,925,906.25,902
FCONSUMER,254.6,231.1,254.6,236.35,234.5
FCSSOFT,194.5,188.5,194.7,189.35,189.15
FDC,379.85,374.1,379.85,378.05,378
FEDERALBNK,14.5,13.45,14.65,14.1,14
FEL,220.1,217,222.15,219.05,219
FELDVR,12,11.85,12,11.9,11.85
FIBERWEB,45.45,43.5,45.45,43.8,44.05
FIEMIND,672.5,671,688.95,684.7,684
FILATEX,379,366.05,379,369.75,367
FINCABLES,11.75,11.25,11.75,11.4,11.4
FINEORG,63.05,63,66.35,63.7,64
FINOPB,643.35,633.35,648.75,638.5,641.95
FINPIPE,875.5,875.5,898.35,890.5,893
FLEXITUFF,423.05,410,432,415.9,416.15
FLFL,26.35,25.8,26.4,26.3,26.05
FLUOROCHEM,28.35,26.4,28.4,26.4,26.4
FMGOETZE,16.05,16,16.85,16.65,16.55
FMNL,3520,3500.5,3543.9,3523.85,3520.1
FOCUS,4287,4241.5,4321.5,4286.7,4282.15
FOODSIN,365.25,357.65,366.5,362.55,362.05
FORCEMOT,176.95,172.05,188.65,186.35,186.3
FORTIS,4366,4300.1,4366,4309.95,4314.95
FOSECOIND,4,3.8,4,3.85,3.8
FSC,509,491.5,509,497.05,495
FSL,71.25,69.45,71.25,69.95,70
GABRIEL,485.6,485.6,491.65,487.4,488.35
GAEL,59.45,57.6,60.1,58.95,59.15
GAIL,389.5,376.65,389.5,387.55,387.95
GAL,13.45,12.85,13.45,12.95,12.85
GALAXYSURF,432,428.4,453.8,436.1,435
GALLANTT,26.2,25.8,28,26.5,26.4
GANDHITUBE,389.95,381.25,393.7,386.8,386
GANECOS,320.7,316,362.35,352.75,354
GANESHBE,4249.95,4241.3,4309,4254.65,4269
GANESHHOUC,288.15,274.35,288.15,283.9,285
GANGAFORGE,201.3,192.85,201.3,197.9,197.8
GANGESSECU,14.55,14.05,14.55,14.15,14.1
GARFIBRES,222.8,219.85,224.45,222.85,222
GATEWAY,100.7,98.85,101.15,99.2,99.1
GATI,168,159.5,169.5,161.55,163.9
GAYAHWS,2209,2204.75,2349.95,2290.9,2297
GAYAPROJ,366,357.35,368.1,359.45,360
GEECEE,180.45,173.6,180.45,176.95,176.8
GEEKAYWIRE,392,385.5,394.45,387.9,389.25
GENCON,3.75,3.65,3.75,3.75,3.75
GENESYS,1349.9,1301,1354.9,1317.3,1321
GENUSPAPER,61.55,59.45,62.55,60.05,60.25
GENUSPOWER,3467.8,3445,3554.95,3471.2,3465
GEOJITFSL,603.9,599,618.25,614.6,612.65
GEPIL,163.5,157.1,163.5,161.2,163
GESHIP,457.9,447,458.7,450.6,448.25
GET&D,183.65,182.3,186.9,184.55,184
GFLLIMITED,371.95,355.5,371.95,359.65,360
GFSTEELS,115,112.75,115.7,113.9,113.75
GHCL,610,585,620,609.7,615.75
GICHSGFIN,333.9,328,335.55,331,329.85
GICRE,40.65,39.5,41,39.85,39.85
GILLANDERS,79,76.6,79,77.6,76.75
GILLETTE,397,397,413.1,401.1,401.2
GINNIFILA,33.6,33.05,34.7,33.95,34.1
GIPCL,477.1,473.15,480.3,474.75,474.1
GKWLIMITED,166.5,162,167.35,164.15,164.85
GLAND,78.45,75.6,79,77.25,77.3
GLAXO,82.5,79.5,82.5,79.7,79.6
GLENMARK,96.25,96.25,98.95,96.95,96.55
GLFL,308.9,305,313.7,311.15,310.8
GLOBAL,1343.4,1325.55,1349.55,1342.9,1348
GLOBALVECT,18.15,17.6,18.15,18.1,18.15
GLOBE,62.5,62.4,64,62.55,62.65
GLOBUSSPR,163.25,159.3,163.3,161.15,162
GLS,158.2,155,159.25,156.55,156.2
GMBREW,46.05,44.75,49.4,49.4,49.4
GMDCLTD,99.95,99.5,100.55,100,100.55
GMMPFAUDLR,48.7,48,49.05,48.2,48.1
GMRINFRA,721.25,695.55,735.95,707.95,707.9
GMRP&UI,36.2,34.7,37.95,37.95,37.95
GNA,3469.9,3389.65,3499,3409.55,3402
GNFC,2080,1966.7,2097.5,1999.75,1998
GOACARBON,8.9,8.6,8.9,8.65,8.75
GOCLCORP,5.75,5.65,6.2,6.05,6.1
GOCOLORS,173.45,168,173.9,169.8,170.7
GODFRYPHLP,974.4,962.85,1001.45,986.15,987
GODHA,12.2,11.1,12.2,11.1,11.1
GODREJAGRO,307,307,311.95,309.9,309
GODREJCP,873.5,821.1,873.5,826.9,831.85
GODREJIND,0.65,0.6,0.7,0.65,0.7
GODREJPROP,1247.55,1235,1269.95,1258.3,1263.95
GOENKA,155.95,153.35,156.95,155.15,155.35
GOKEX,1208.5,1208.5,1253,1240.1,1240.05
GOKUL,107.5,105.45,108.3,106.9,107.35
GOKULAGRO,116.85,114.05,118.9,114.75,115
GOLDENTOBC,2248.9,2165.2,2277,2233.55,2247.95
GOLDIAM,368.6,367.3,374.3,372.5,372.2
GOLDTECH,1.75,1.65,1.75,1.7,1.65
GOODLUCK,2.85,2.75,2.85,2.8,2.85
GOODYEAR,275.45,268.65,285.85,279.75,280
GPIL,125.55,124.4,126.75,124.9,124.9
GPPL,1.8,1.75,1.85,1.8,1.75
GPTINFRA,7.15,6.8,7.15,7,7.05
GRANULES,38.65,38.1,39.5,38.55,38.55
GRAPHITE,1585,1569.45,1590,1585.95,1590
GRASIM,99.25,98.5,100,98.9,99.25
GRAUWEIL,465,453.5,465,457.75,458
GRAVITA,6845.8,6833.3,7122,7072.45,7047
GREAVESCOT,195.9,192.05,201,198.4,198
GREENLAM,136.5,134,136.9,135.85,136.6
GREENPANEL,29.05,28.1,30,28.15,28.65
GREENPLY,7.55,6.95,7.6,7,7.05
GREENPOWER,4085,3955.55,4095,3986.35,3963.05
GRINDWELL,335.4,325.1,338.45,327.5,326.75
GRINFRA,4.95,4.75,5.05,4.85,4.95
GRMOVER,165.8,155.3,165.8,156.7,156.45
GROBTEA,91.85,89.05,92.5,91.95,91.5
GRPLTD,1260,1260,1344.95,1331.7,1342
GRSE,270.05,270.05,274.9,272.85,272.7
GRWRHITECH,1882,1865.8,1907.95,1870.8,1870.2
GSCLCEMENT,25.5,23.85,25.5,24.25,25
GSFC,103.6,102.55,104.7,103.2,103.2
GSPL,152.95,151.15,154.8,153.8,153.3
GSS,266.8,263.1,269.95,264.15,264.5
GTL,86.65,85.25,87.2,85.45,85.55
GTLINFRA,2.85,2.7,2.9,2.75,2.7
GTPL,2921.6,2920,2947,2927.95,2927
GUFICBIO,56.75,54.4,56.75,55.2,55
GUJALKALI,446.95,433,446.95,436,433
GUJAPOLLO,751,749,774.95,752.9,755.95
GUJGASLTD,135.9,127.85,136.2,129.65,130.95
GUJRAFFIA,388.2,380.45,389.95,382.8,382
GULFOILLUB,5.95,5.65,5.95,5.7,5.7
GULFPETRO,107.1,103.8,107.1,105.65,106.9
GULPOLY,3410,3358.5,3411.15,3388.2,3393.75
GVKPIL,71.65,70.6,72.1,71.2,71.35
HAL,176.5,173.85,179.25,176.95,176.3
HAPPSTMNDS,1.05,1,1.05,1.05,1.05
HARDWYN,13.9,12.75,13.9,13.35,13.3
HARIOMPIPE,146.55,142.45,147,145.6,144.5
HARRMALAYA,62.2,58.5,63,59.35,59.5
HARSHA,31.3,30.55,31.7,30.8,30.9
HATHWAY,558.55,537,559.9,548.2,548.4
HATSUN,18.55,17.45,19,17.6,17.45
HAVELLS,79.7,78.3,79.85,78.45,78.45
HAVISHA,48.6,48.1,49.85,49.25,49.1
HBLPOWER,147.3,145.9,149.05,146.35,146.9
HBSL,511.8,506,513.25,510.35,507
HCC,130.3,127.1,130.9,128.05,128.5
HCG,69.6,67.5,70.2,68.05,68
HCL-INSYS,3.7,3.7,3.7,3.7,3.7
HCLTECH,671.7,660,676.45,663.4,662.6
HDFCAMC,63.5,58.8,63.7,61.2,60.7
HDFCBANK,5168,5115,5193.85,5135.65,5117.55
HDFCLIFE,34.35,33.3,34.35,33.6,33.55
HDIL,86.05,85.15,86.7,85.9,85.65
HEADSUP,595.05,590,595.05,590.1,590
HECPROJECT,2139,2072,2155,2149.85,2150.25
HEG,1389,1374.7,1401.3,1378.15,1375
HEIDELBERG,388.95,386,396.5,389.95,390.95
HEMIPROP,2.6,2.6,2.6,2.6,2.6
HERANBA,412.95,395.15,413,400.25,396.05
HERCULES,59,56.75,59,57.2,56.8
HERITGFOOD,5.55,5.4,5.65,5.55,5.55
HEROMOTOCO,840.6,829,843.9,835.55,835.95
HESTERBIO,411,408.05,423.05,412.1,414.7
HEXATRADEX,586.55,583.15,597.95,592.7,591.5
HFCL,140.9,138.9,142.95,139.85,140
HGINFRA,1895,1850,1904.6,1856.55,1852
HGS,35.55,34.3,35.85,34.6,34.65
HIKAL,27.3,26.5,27.4,26.7,26.7
HIL,655,639.5,661.45,651.2,654.95
HILTON,654.7,639.1,667,662.95,659.3
HIMATSEIDE,424.8,420,430.35,421.6,420.9
HINDALCO,266.05,263.85,269.9,268.05,268.4
HINDCOMPOS,1331,1311.1,1347.5,1316.1,1319.8
HINDCON,1293.25,1278.2,1324.5,1304.05,1304.35
HINDCOPPER,3,2.85,3,2.9,2.9
HINDMOTORS,510.85,503.35,528,510.05,509.9
HINDNATGLS,839,836.25,850.55,842.85,841
HINDOILEXP,432.85,427.8,432.85,430.3,430
HINDPETRO,1195,1176,1203.1,1180.8,1179
HINDUNILVR,1.75,1.7,1.75,1.7,1.7
HINDWAREAP,376.6,372.85,387,383.15,384
HINDZINC,31.7,31.1,31.75,31.55,31.7
HIRECT,83.15,79.8,83.6,81.7,81.6
HISARMETAL,80.9,77.4,80.9,79.25,79.25
HITECH,127.8,125,127.95,125.6,126.9
HITECHCORP,53.85,52.5,53.85,52.95,53.05
HITECHGEAR,455.7,425.8,455.7,446.65,446
HLEGLAS,1015.1,1010,1031.05,1018.5,1013
HLVLTD,270.95,265.45,272.85,266.95,265.55
HMT,86.75,84.7,87.1,85.4,85.3
HMVL,126.9,123.5,126.9,126.2,126.4
HNDFDS,343.1,340.4,349.25,344.65,346.2
HOMEFIRST,356.55,355.55,372.1,361.1,360.5
HONAUT,1670.2,1640,1684.75,1679.75,1678.6
HONDAPOWER,79.65,78,81.2,78.6,78.95
HOTELRUGBY,354,343.05,358.35,353.3,352.9
HOVS,150.9,149.1,152.65,151,150.75
HPAL,315.05,300.2,317.75,303,301.35
HPL,388,377.5,391.45,380.65,381
HSCL,180,177.35,180.1,179.25,179.85
HTMEDIA,8.7,8.5,8.9,8.55,8.55
HUBTOWN,1996.1,1994.55,2035.05,2021.6,2027.25
HUHTAMAKI,129.3,127.2,130.8,128.75,128
IBREALEST,219.5,214.9,221.75,220.6,220.7
ICDSLTD,2363,2348.75,2399,2360.4,2360
ICEMAKE,1004.95,990,1004.95,992.8,993
ICICIBANK,255,247.55,264.9,248.9,249.9
ICICIGI,274.9,265,277,266.65,265.55
ICICIPRULI,140.8,139.05,142.4,139.55,139.5
ICIL,445.75,433,446.75,436.1,435.7
ICRA,16.1,15.95,16.3,16.15,16.2
IDBI,1021.5,990,1021.5,996.15,997
IDEA,1268,1224,1268,1230.95,1231.95
IDFC,2.2,2.2,2.35,2.25,2.25
IDFCFIRSTB,113.5,113.3,121.2,118,117.45
IEX,53,51.05,53.6,51.7,51.15
IFBAGRO,14.5,14.1,14.6,14.25,14.35
IFBIND,294,290.35,298.85,295.9,297
IFGLEXPOR,1924.85,1906.25,1934,1920.2,1920
IGARASHI,1402.05,1384,1406.25,1393.6,1396
IGL,525,518,526,520.65,521
IGPL,5.85,5.65,5.9,5.75,5.75
IIFLSEC,2553,2532,2574.3,2546.45,2546
IIFLWAM,1966.1,1938.95,1997.9,1962.75,1975
IITL,166.15,164.5,167.05,164.75,164.75
IL&FSENGG,77.5,75.35,78.05,76.5,76.45
IL&FSTRANS,570,556.05,573.15,559.55,559.75
IMAGICAA,1272.5,1272.5,1304.6,1293.7,1294
IMFA,328,320.65,333.55,329.1,328
IMPAL,2668.8,2660,2841.6,2759.5,2765
IMPEXFERRO,79.75,77.8,80,78.5,78.85
INCREDIBLE,100.4,99.35,104.2,100,100.1
INDBANK,411,400,416.5,401.55,401
INDHOTEL,336,327,339.8,330.35,329.95
INDIACEM,109.05,109.05,127.9,125.65,127.8
INDIAGLYCO,109,107.3,110.6,109.1,108.95
INDIAMART,16,15.9,16.35,16.05,16.1
INDIANB,9.3,9.3,9.35,9.35,9.35
INDIANCARD,137.3,133.6,137.5,134.4,134.6
INDIANHUME,212.05,205.6,212.65,207.35,207.9
INDIGO,2583,2562.9,2607.15,2566.4,2567
INDIGOPNTS,357.95,345.05,357.95,346.75,346.8
INDLMETER,289.3,284.25,289.75,289.15,289.5
INDNIPPON,225,225,240,237.8,235.5
INDOAMIN,129.3,127,129.3,127.2,127
INDOBORAX,598.55,590.85,614,608.3,608
INDOCO,239.5,236.8,244.4,237.65,241
INDORAMA,200.9,195,201.9,195.7,195
INDOSTAR,3578,3481.8,3598,3558.7,3578
INDOTECH,10.1,9.55,10.1,9.65,9.65
INDOTHAI,29.2,28.55,30,29.6,29.6
INDOWIND,56.1,55.25,56.3,55.7,55.55
INDRAMEDCO,471,466.3,474.45,468.65,471.8
INDSWFTLAB,842.1,820,842.1,821.75,823
INDSWFTLTD,38839,38251,38839,38343.4,38300
INDTERRAIN,1577.75,1563.35,1597,1576.1,1568.85
INDUSINDBK,4.65,4.65,5,5,5
INDUSTOWER,55,54.05,56.5,54.5,54.3
INEOSSTYRO,401,393.05,403.6,395.1,398
INFIBEAM,72.05,71,72.75,72.35,72.4
INFOBEAN,100.65,99.25,101.5,100.55,100.9
INFOMEDIA,21.95,21.3,22.05,21.45,21.5
INFY,57.5,56,57.85,56,56
INGERRAND,231.2,225.1,232.95,228.65,228.1
INOXLEISUR,77,72.1,77.45,74.45,74.5
INOXWIND,36.8,35.85,37.65,35.85,35.85
INSECTICID,250,237.8,252.2,238.35,240
INSPIRISYS,862.35,850.5,865.45,853.6,854
INTELLECT,1130,1120.75,1142.75,1131.8,1131
INTENTECH,512.2,499.1,512.8,500.85,501
INTLCONV,129.4,127.25,130.5,128.35,129
INVENTURE,4049.85,3991.05,4240,4060.7,4060
IOB,43.95,42.3,44.3,42.65,42.45
IOC,8.65,8.45,8.7,8.6,8.6
IOLCP,76.95,73.8,76.95,74.6,74.4
IONEXCHANG,55.3,53.65,55.4,54.45,54.35
IPCALAB,142.25,139.55,143.05,140.25,140.3
IPL,559.85,551,565.55,553.2,552
IRB,906.1,877.4,923.5,884.75,887
IRCON,249.2,247.25,251.4,249.9,250.25
IRCTC,423.6,402,427.7,412.45,414
IRIS,23.8,23.3,24,23.5,23.8
IRISDOREME,22.7,22.3,23.05,22.75,22.75
ISEC,332,312.7,332.9,317.15,317.2
ISFT,249.5,235.05,250.55,236.15,236
ISGEC,808.35,805.5,824.6,806.95,805.6
ISMTLTD,4450,4338,4559.95,4362.15,4353.9
ITC,194.1,192.25,196.95,196.35,196.7
ITDC,205.75,203,206.95,205.25,203.1
ITDCEM,170.2,166.55,172.35,169.5,169.75
ITI,1747.2,1722.95,1782,1736.15,1734
IVC,1478,1475,1486.4,1484.85,1485.4
IVP,7.6,7,7.6,7.3,7.3
IWEL,444.9,434.25,451.45,437.55,436.8
IZMO,122.1,122.1,144.5,138.6,138.7
J&KBANK,128.4,124,128.4,124.75,125
JAGRAN,340.4,333.15,340.4,337.3,336
JAGSNPHARM,57.55,57.5,58.55,57.9,58.3
JAIBALAJI,169,169,171.8,169.65,169.5
JAICORPLTD,210.65,207.55,215.45,210.15,213.45
JAIPURKURT,154.7,149,155.55,152.15,150.05
JAMNAAUTO,13.1,12.85,13.9,13.2,13.25
JASH,61.95,61.7,62.45,61.8,61.7
JAYAGROGN,54.8,54.5,55.45,55.05,55.1
JAYBARMARU,9.6,9.35,9.6,9.45,9.45
JAYNECOIND,80.2,76.55,81.45,77.15,77.1
JAYSREETEA,1189.05,1167,1196.75,1184.25,1183
JBCHEPHARM,192.6,187.6,192.6,188.5,188.55
JBFIND,858,841.5,867.85,848.8,849.5
JBMA,14.3,14.2,14.55,14.3,14.3
JCHAC,563.1,548,568.6,550.65,554.85
JETAIRWAYS,4.65,4.65,4.65,4.65,4.65
JETFREIGHT,1431,1415,1437.95,1419.9,1422
JHS,2100,2066.1,2145.05,2086.45,2074.1
JINDALPHOT,503,494.7,514.8,500.85,501
JINDALPOLY,156.1,148.1,156.1,150.45,150.45
JINDALSAW,730,729.95,750,738.25,739.8
JINDALSTEL,51.8,48,52.3,51.05,52
JINDRILL,521,516.9,529,524.9,525
JINDWORLD,69.95,69.05,70.9,69.8,69.2
JISLDVREQS,58.3,57.6,58.3,57.7,57.6
JISLJALEQS,2.8,2.7,2.8,2.75,2.75
JITFINFRA,17.2,17.05,17.3,17.15,17.1
JKCEMENT,67.3,66.45,67.75,66.85,66.9
JKIL,365.75,360.05,383.55,362.9,362.7
JKLAKSHMI,1979.95,1965.05,2001.95,1979.95,1971
JKPAPER,888.85,885.1,902.65,888.55,887.5
JKTYRE,294.55,280.7,294.55,284.45,284.6
JMA,213.5,213.5,221.7,217.05,216.5
JMCPROJECT,42.85,42,43.3,42.75,42.5
JMFINANCIL,722,711.6,727.9,724.1,725
JOCIL,76.75,75.05,78.25,76.75,78
JPASSOCIAT,224,224,237.4,233.5,232.1
JPINFRATEC,495,495,509.8,504.05,505
JPOLYINVST,148.15,147.5,151.3,149.1,148.9
JPPOWER,502,497.15,506.95,499.25,502
JSL,52.25,49.8,52.4,50.6,50.35
JSLHISAR,329.95,328,331.3,328.65,328.85
JSWENERGY,342.9,339,345.65,342.6,343
JSWHL,116.5,113.15,117.6,116.5,116.2
JSWISPL,104,103.3,105.75,104.15,103.8
JSWSTEEL,8.65,8.25,8.75,8.3,8.35
JTEKTINDIA,145.95,136.15,145.95,137.6,137.25
JTLINFRA,1037,1023.6,1076.9,1040.8,1028.8
JUBLFOOD,71.35,70.55,72.2,70.9,70.75
JUBLINDS,28.75,27.75,28.75,28.15,28.15
JUBLINGREA,65.65,64.8,66,65.35,65.1
JUBLPHARMA,355.6,340,361.35,343,345.95
JUSTDIAL,40.85,40.15,41.1,40.6,40.3
JWL,195.5,187.35,196.95,194.1,193.9
JYOTHYLAB,68.05,66.05,69.85,67.35,68.7
JYOTISTRUC,110.7,107.9,111,109.35,108.6
KABRAEXTRU,820,804.05,827.45,805.2,805
KAJARIACER,196.25,194.1,198,196.2,198
KAKATCEM,191.8,184.05,191.85,185.35,184.5
KALPATPOWR,25.45,23.6,25.45,24.5,24.5
KALYANIFRG,95.7,92.5,95.7,93,92.6
KALYANKJIL,1969.95,1925.1,1977.9,1933.4,1930
KAMATHOTEL,10.9,9.75,10.95,9.95,10
KAMDHENU,451.3,425.1,453,429.05,428
KANANIIND,1394.65,1362.05,1394.65,1376.15,1379
KANORICHEM,97.5,95,97.8,95.35,96
KANPRPLA,20.5,19.75,20.8,20.1,20.1
KANSAINER,22.9,22.35,22.95,22.7,22.65
KAPSTON,349,338,349,339.7,342
KARMAENG,887.5,871,887.5,872.4,873.75
KARURVYSYA,83.55,82.3,83.75,82.6,82.7
KAUSHALYA,433,428.6,439,434.85,433.5
KAVVERITEL,309.5,300,335,332.1,332.4
KAYA,273.95,267,274,268.55,268.1
KBCGLOBAL,20.45,18.25,20.45,18.85,18.75
KCP,36.1,35.75,36.3,35.85,35.9
KCPSUGIND,122.9,115.5,122.9,118.9,119
KDDL,2500.15,2481,2538.75,2508.25,2505
KEC,274,269.5,274.5,271,270.45
KECL,558.4,540.75,558.4,544.65,547
KEEPLEARN,386.5,385.1,399.95,395.2,396
KEI,173.6,167.4,174.15,168.15,168.5
KELLTONTEC,73.9,72.5,74.95,72.95,73.25
KENNAMET,105.45,103.55,109.9,107.15,107.5
KERNEX,67.7,66.8,68.35,66.95,67
KESORAMIND,188.25,186.55,190.7,187.8,189.1
KEYFINSERV,11.85,11.2,11.85,11.4,11.3
KHADIM,2.2,2.2,2.2,2.2,2.2
KHAICHEM,423.9,402.45,439.95,425.7,434
KHAITANLTD,7.7,7.5,7.95,7.8,7.85
KHANDSE,129,126.05,130.15,129.15,130.1
KICL,246.4,245.6,252.5,250.45,251
KILITCH,326.8,318,328.05,320.2,320
KIMS,4138.55,3968.3,4149.85,4018.15,4053
KINGFA,28.15,27.6,28.25,27.95,27.8
KIOCL,652.5,641.7,656,648.35,649
KIRIINDUS,101.45,100.35,103.05,102.2,102.2
KIRLFER,281.8,273.9,296.05,292.7,292.8
KIRLOSBROS,604.1,601,610.4,604.6,603.5
KIRLOSENG,483,468,483,476.45,476
KIRLOSIND,551,531.25,555.25,535.05,534.7
KITEX,331.15,326.15,331.25,327.55,329.9
KKCL,561.3,553.95,569.35,560.65,558.85
KMSUGAR,73.9,71.4,73.95,72.2,72
KNRCON,204.6,198.2,207.05,199.15,198.9
KOHINOOR,15.45,15.05,15.65,15.35,15.35
KOKUYOCMLN,364.9,352.35,366,358.4,358
KOLTEPATIL,1092,1087.95,1108,1099.45,1099
KOPRAN,220.85,212.8,222,215.75,215.1
KOTAKBANK,437.1,436,448,441.35,441
KOTARISUG,206.25,200,206.25,200,200
KOTHARIPET,96.8,96.1,103.8,101,100.95
KOTHARIPRO,88.35,88.35,92,89.8,89.5
KOVAI,137.3,130.05,137.3,132.75,132.1
KPIGREEN,8.4,7.9,8.55,8.3,8.5
KPITTECH,142.05,138.9,148.5,145.4,146.2
KPRMILL,113.2,111,114.8,112.5,111.1
KRBL,474.35,470.7,477,474.1,474.7
KREBSBIO,136.85,136.6,139.95,138.15,138.45
KRIDHANINF,27.8,26.1,27.8,26.45,27.3
KRISHANA,82.65,82.35,84,82.8,82.8
KRITI,4.9,4.65,4.9,4.8,4.85
KRITIKA,10.95,10.15,11.1,11,11.1
KRITINUT,369.35,360.35,372.95,361.75,360.35
KRSNAA,2.3,2.2,2.3,2.25,2.3
KSB,120,116.05,120,118.05,118.8
KSCL,23.75,22.85,23.85,23.05,23.05
KSHITIJPOL,1098,1065,1129,1076.7,1072
KSL,419,417.55,428,419.2,418.2
KSOLVES,44.75,42.15,45.3,43.05,42.15
KTKBANK,4.8,4.8,5.3,5.3,5.3
KUANTUM,1432.15,1422.25,1481.95,1453.1,1450
L&TFH,64.05,63.1,64.55,63.4,63.15
LAGNAM,2650,2615.05,2670.05,2635.05,2615.05
LAKPRE,353,326,354.7,331.15,330
LALPATHLAB,57.5,56.3,58.55,57.1,57.3
LAMBODHARA,104.8,101.6,106.75,103.2,102.5
LANCER,318.85,310.6,324.8,315.15,314.95
LAOPALA,73.4,71.7,79.3,77.75,78.4
LASA,48.4,45.65,48.4,47.35,47.6
LATENTVIEW,21.7,21.2,22.4,22.25,22
LAURUSLABS,1754.15,1722,1754.35,1722.75,1722
LAXMICOT,171,168.2,173.5,169.9,170.6
LAXMIMACH,1451.25,1451.25,1480,1462.85,1459
LCCINFOTEC,1078.95,1075.6,1119,1090.15,1100
LEMONTREE,186.65,184.85,189,185.2,185.5
LFIC,499,494,513.95,506.9,506
LGBBROSLTD,282.2,280.5,289,286,288
LGBFORGE,360,355,362.15,356.45,355
LIBAS,285.7,277.15,291.3,284,282.65
LIBERTSHOE,1807.2,1767,1848,1779.1,1767
LICHSGFIN,206.2,203,207.05,203.45,204.9
LICI,472,468,486.3,481.25,485
LIKHITHA,26.95,26.1,27.15,26.5,26.65
LINC,222,220.25,224,221.9,222
LINCOLN,59.5,54.35,59.95,55.1,56.15
LINDEINDIA,68.5,67.65,68.85,68.2,68.05
LODHA,341.7,336.1,347,339.8,339.05
LOKESHMACH,157,153,158.45,155.7,156.4
LOTUSEYE,1805,1793,1815.9,1801.5,1799.85
LOVABLE,47.7,47.4,49.8,48.15,48.2
LOYALTEX,73.7,68.8,73.7,70.55,70.55
LPDC,114.55,113.55,117,116.25,114.25
LSIL,1477.7,1450.1,1486.1,1467.3,1479
LT,859.45,842,868,850.75,853
LTI,674,662.8,682.45,666.4,667.45
LTTS,560.95,554.65,573.6,568.9,569
LUMAXIND,392.9,387.15,400,396.55,397.45
LUMAXTECH,114.8,112.05,114.8,113,112.1
LUPIN,3.75,3.7,3.85,3.8,3.85
LUXIND,352.95,336.05,352.95,343.35,344.8
LXCHEM,90.65,89.3,92.5,90.1,90.1
LYKALABS,20.7,20.7,22.6,22.55,22.6
LYPSAGEMS,53.15,50.1,53.15,51.5,51.3
M&M,487,479.05,488.3,484.2,483.1
MAANALU,179.15,179.15,179.25,179.25,179.25
MACPOWER,292.5,290.5,298.95,297.7,298.45
MADHAV,422.9,406.1,422.9,413.4,412.85
MADHUCON,83.65,81.3,83.65,82.35,82.3
MADRASFERT,143.95,143.6,147.9,146,145.2
MAGADSUGAR,77.95,75.2,78.15,76.45,76.25
MAGNUM,72.9,68.3,72.9,68.6,68.5
MAHABANK,5.95,5.95,6,6,6
MAHAPEXLTD,2310,2303.6,2400,2358.8,2361
MAHASTEEL,102.8,95.55,102.8,97,96.2
MAHEPC,380,370,390,384.95,385.2
MAHESHWARI,384.6,382.1,402.65,389.65,389.5
MAHINDCIE,37.9,36.3,37.9,36.55,36.5
MAHLIFE,356.5,351.3,358.8,353.25,355
MAHLOG,499,492,509,503.95,504.75
MAHSCOOTER,24.1,23.4,24.1,23.7,23.85
MAHSEAMLES,12173.15,11934.5,12173.15,12034.25,12035
MAITHANALL,2.6,2.55,2.65,2.6,2.55
MALLCOM,86.95,85.3,87.8,85.8,85.9
MALUPAPER,105.2,101.3,105.8,103.1,103.6
MANAKALUCO,696.1,691.55,721,711.75,712
MANAKCOAT,10.5,10.3,10.65,10.4,10.5
MANAKSIA,24.95,23.55,25,23.9,23.55
MANAKSTEEL,385.45,363.3,425.6,425.6,425.6
MANALIPETC,409,400.95,411.3,404.25,404.8
MANAPPURAM,616,611,618.45,611.6,611.7
MANGALAM,362.9,354.5,370,367.8,367.05
MANGCHEFER,283,271.55,285.8,273,272.5
MANGLMCEM,294.15,291.9,295.75,293.9,294
MANINDS,3171,3160.05,3215.05,3173.05,3170
MANINFRA,994.1,979.5,998,989.8,984.5
MANORAMA,104.05,104.05,108,106.5,106
MANORG,75.5,71.35,75.5,72.75,71.35
MANUGRAPH,154.35,150.4,154.35,152,151.2
MANYAVAR,832.05,781,832.05,787.4,789.8
MAPMYINDIA,6.2,5.7,6.4,5.8,5.8
MARALOVER,12.85,12.55,13,12.85,12.8
MARATHON,1901,1868.25,1912,1876.15,1879.7
MARICO,4615,4560.5,4640.05,4596.8,4590
MARINE,3596.8,3540,3596.8,3565,3560
MARKSANS,1715,1712.55,1790,1767.05,1777
MARSHALL,275.8,267,276.65,274.25,273.35
MARUTI,679.3,677,689.9,687.15,688.75
MASFIN,1719.4,1698,1723.6,1703.1,1700
MASKINVEST,331,328.4,334.7,329.5,329.5
MASTEK,133.05,127.6,134.1,128.3,127.85
MATRIMONY,6.15,5.75,6.15,5.95,5.95
MAWANASUG,1255,1240.5,1274.15,1248.2,1247.9
MAXHEALTH,178.95,174.55,184.2,176,175.3
MAXIND,369.8,364.05,408,380.05,378.5
MAXVIL,42.6,39.55,43,40.1,40.05
MAYURUNIQ,5.65,5.5,5.8,5.55,5.55
MAZDA,50.25,49.25,50.5,49.8,49.7
MAZDOCK,304.15,298,304.15,300,298.5
MBAPL,16.95,15.95,16.95,16.1,16.05
MBECL,18,17.7,18.05,17.85,17.85
MBLINFRA,97,92.25,97.8,94.1,94.95
MCDOWELL-N,70.4,68.75,72.9,70.15,71.4
MCL,101.7,99.8,104.1,100.8,101.15
MCLEODRUSS,77.6,75.55,77.8,75.9,75.7
MCX,303.9,303.65,315,305.8,304.8
MEDICAMEQ,441,428.4,444.85,431.35,432.1
MEDICO,520,516.25,523.75,518.55,518.7
MEDPLUS,4966,4940.05,5059,4969.65,4941.15
MEGASOFT,860,850.1,910,869.65,868.5
MEGASTAR,947.4,934.15,967,941.8,941.4
MELSTAR,695.5,670,710.1,706.6,705
MENONBE,35.3,34.65,36,35.3,35.05
MEP,21.3,21,21.5,21.05,21.35
MERCATOR,18,17.95,18.35,18.1,18.2
METALFORGE,81.5,79.3,81.95,80.05,79.8
METROBRAND,38.4,37.4,38.5,38.05,37.9
METROPOLIS,93.6,91.75,93.6,92.75,92.4
MFL,104.2,100.6,104.65,101.45,101.65
MFSL,148.75,146.05,152.4,148.45,147
MGEL,127,126.2,128.25,127.8,127.5
MGL,378.85,368.1,384.95,371,372.45
MHLXMIRU,92.45,91.3,93.75,91.9,91.7
MHRIL,84.7,82.05,85.85,82.5,82.8
MICEL,1324,1270.65,1324,1286.95,1275.05
MIDHANI,553.95,548.25,556.7,551.95,553.9
MINDACORP,15.45,14.65,15.45,14.85,14.75
MINDTECK,1427.2,1399.95,1427.2,1414.45,1418.5
MINDTREE,1377.95,1340,1377.95,1347.05,1348
MIRCELECTR,66.9,64.3,66.9,64.7,64.9
MIRZAINT,222.15,218.05,224.7,223.45,223
MITCON,508.25,508,519.3,515.55,516.55
MITTAL,31.65,31.45,32.25,31.6,32.1
MMFL,49.35,49.05,51.35,50.15,50.2
MMP,29,28.4,31.9,30.45,30.25
MMTC,8665,8592,8785.45,8649.55,8664
MODIRUBBER,750.05,738.4,766.95,755.1,750.5
MODISONLTD,123.2,123.2,123.2,123.2,123.2
MOHITIND,1658.5,1631,1667.95,1638.4,1638
MOIL,625.25,620.2,633.55,627.85,631.35
MOKSH,86.5,85.65,88.45,87.05,86.9
MOL,420,414.05,435.9,429.15,428
MOLDTECH,83.5,81.7,83.9,82.45,82.5
MOLDTKPAC,184.8,179.6,189.45,183.1,182
MONARCH,477.85,475.1,486.6,479.65,479.35
MONTECARLO,618.75,608.05,619,612.15,610.6
MORARJEE,616.9,616.05,643.8,623.75,624.75
MOREPENLAB,920,900.05,920,909.7,913.95
MOTHERSON,3.5,3.25,3.5,3.3,3.3
MOTILALOFS,19.85,19.15,20.2,19.4,19.4
MOTOGENFIN,831.25,824,842,827.15,827.1
MPHASIS,27.35,25.9,27.35,26.05,26
MPSLTD,28,27.95,29.35,28.55,28.75
MRF,1325.25,1310,1330.8,1318.1,1319.6
MRO-TEK,941,920.4,960.5,930.7,928
MRPL,137.7,137.7,143,140.15,142.95
MSPL,592.15,590.5,610.55,600.6,602
MSTCLTD,36.55,34.2,36.75,34.8,34.9
MSUMI,225.65,225,225.65,225.65,225.65
MTARTECH,2.5,2.4,2.5,2.4,2.4
MTEDUCARE,110.2,108,112.9,108.9,108.2
MTNL,15.75,15.1,15.75,15.7,15.7
MUKANDLTD,1.15,1.15,1.2,1.15,1.15
MUKTAARTS,4.15,4.15,4.35,4.35,4.35
MUNJALAU,916.4,881.1,924.9,892.1,892
MUNJALSHOW,1575,1540,1595,1584.85,1579.2
MURUDCERA,1601.95,1576.75,1618.3,1590.05,1586.2
MUTHOOTCAP,747,729.45,751.6,739.5,740
MUTHOOTFIN,36.7,34.45,37.1,35.1,35.15
NACLIND,779.75,779.75,792.2,782.7,784.1
NAGAFERT,152.25,146.15,153,150.35,150.8
NAGREEKCAP,276,270.2,278,272.85,272
NAGREEKEXP,11.9,11.85,12.5,11.95,12
NAHARCAP,232.7,228.05,237.9,230.4,229.5
NAHARINDUS,208.7,207.1,211.55,208.85,208.95
NAHARPOLY,141,137.05,141,139.25,140.95
NAHARSPING,3345.9,3273.5,3348,3323.65,3318
NAM-INDIA,17.75,17.15,18.05,17.25,17.15
NATCOPHARM,331.55,325,354,346.55,347
NATHBIOGEN,65,65,69.3,68.2,69.3
NATIONALUM,11.8,11.55,11.9,11.75,11.75
NATNLSTEEL,802.2,796.2,823,816.85,816.9
NAUKRI,167.1,161.9,167.1,162.7,162.4
NAVA,36,34.9,36.05,35.55,35.65
NAVINFLUOR,79.25,74,79.25,74.2,74.2
NAVKARCORP,71.8,69.25,71.8,69.95,70
NAVNETEDUL,18.05,18,18.5,18.05,18
NAZARA,151.75,150.4,152,151.05,150.75
NBCC,14.2,13.8,14.5,14.05,14.05
NBIFIN,119,116.1,119.75,116.65,117.05
NCC,90.65,90.05,90.7,90.15,90.15
NCLIND,859.95,840.3,864,847.15,847
NDGL,347.95,336.7,351.75,347.1,345
NDL,750,712,757.6,715.55,714.85
NDRAUTO,17.3,17.3,18.3,17.9,17.85
NDTV,28.5,27.8,28.6,27.9,28.05
NECCLTD,73.5,71.1,74,71.35,71.35
NECLIFE,705,698.2,716.4,702.7,705.8
NELCAST,27.9,26.35,27.9,26.7,27.2
NELCO,2078,2059,2105.8,2086.6,2086
NEOGEN,656,631,662,659.2,652.3
NESCO,82369.85,81700,82700,82112.35,81880
NESTLEIND,65.25,64.25,67.9,66.05,66
NETWORK18,58.8,57.8,59,58.15,58.2
NEULANDLAB,9.3,9.2,9.4,9.25,9.2
NEWGEN,259.45,256.7,263.4,258.25,258.75
NEXTMEDIA,85.95,85.75,88,87.25,87.7
NFL,1608.9,1575,1618.85,1577.9,1580
NGIL,8.45,8.05,8.5,8.3,8.5
NGLFINE,21.7,21.35,21.8,21.45,21.5
NH,101.1,100.1,102,100.8,100.5
NIACL,34.8,34.05,35.75,34.5,34.15
NIBL,255.3,248.1,255.9,248.95,248.7
NIITLTD,1029.5,1016,1030.05,1020.2,1018
NILAINFRA,75,74.1,75.5,75.2,74.5
NILASPACES,7.7,7.7,8.05,8.05,8.05
NILKAMAL,12.15,11.25,13.15,12.3,11.85
NIPPOBATRY,41,37.15,41,38.65,38.75
NIRAJ,348,340.7,349.2,342.2,341
NITCO,111.6,108.85,112.55,110.5,110.9
NITINSPIN,327,318.8,327.95,319.95,320
NITIRAJ,304,299.75,305.15,301.6,301.85
NLCINDIA,265.05,264.8,273.8,271.75,273.5
NMDC,593.5,588.1,598.95,596.3,594.9
NOCIL,160.45,156.1,161.5,158.2,158.95
NOIDATOLL,72.2,70.9,72.9,72.3,72.55
NORBTEAEXP,4.3,4.3,4.3,4.3,4.3
NOVARTIND,3775,3735,3795.95,3776.15,3786.35
NRAIL,185,183,186.8,185.75,186
NRBBEARING,4683.95,4576,4706.45,4600.5,4595
NSIL,57,56,57.55,56.9,56.9
NUCLEUS,1338.4,1310,1353,1344.4,1353
NURECA,28.55,28.15,28.85,28.3,28.45
NUVOCO,444.45,440,449.65,446.8,446.95
NXTDIGITAL,343.8,331.05,345,335.55,337
NYKAA,27.2,24.1,27.2,25.4,25.2
OAL,21.6,21.2,21.75,21.4,21.4
OBCL,77,74.15,78.05,74.6,74.7
OBEROIRLTY,881.15,861,897.35,866.25,866.1
OCCL,1490,1480.9,1501,1492,1495
OFSS,565.85,558.1,572,562.9,563
OIL,18790,18605,18921.65,18763.65,18752
OILCOUNTUB,68.7,67.2,68.85,67.6,67.65
OLECTRA,1545.95,1509.55,1597.95,1533.45,1521
OMAXAUTO,362,356,363.35,359.5,357
OMAXE,5.1,5.1,5.65,5.55,5.35
OMINFRAL,48.4,47.95,48.75,48.05,48.1
OMKARCHEM,125,122,128.4,122.8,122
ONELIFECAP,1449.55,1411.65,1450,1445.95,1440.55
ONEPOINT,696.05,691.05,719,714.4,714
ONGC,85.1,85,85.95,85.25,85.35
ONMOBILE,22.7,21.25,22.85,21.35,21.25
ONWARDTEC,304.15,294.1,305.85,295.1,296.5
OPTIEMUS,6.3,6.15,6.7,6.35,6.45
ORBTEXP,3.15,3,3.2,3.1,3.15
ORCHPHARMA,2051.6,2031,2090.95,2068.25,2063.2
ORICONENT,405.95,392,409,403.05,400.1
ORIENTABRA,31.2,30.3,31.5,30.8,30.35
ORIENTALTL,23.8,22.55,23.8,22.8,22.7
ORIENTBELL,215,208.35,215,209.45,209
ORIENTCEM,80.55,78.3,80.9,78.85,78.5
ORIENTELEC,68.15,67.8,69.4,68.75,68.7
ORIENTHOT,130.95,126,131.5,129,129
ORIENTLTD,258,253.2,259.5,254.15,254
ORIENTPPR,8,7.85,8.1,8,8
ORISSAMINE,7.1,6.8,7.1,6.8,6.8
ORTEL,683.1,676,685.1,677.4,676
ORTINLAB,415.4,399.5,424.9,402.15,401.65
OSWALAGRO,172,169,173.8,170.45,169.7
PAGEIND,1608,1577.8,1705,1684,1690
PAISALO,399,395.1,403,399.4,398.15
PALASHSECU,879,857.55,879,864.45,860
PALREDTEC,401.5,396,412.5,398.35,397.4
PANACEABIO,417,417,428.9,422.15,421.2
PANACHE,1259,1207.05,1260,1214.8,1221.2
PANAMAPET,494.15,478.55,496.7,481.5,483.5
PANSARI,98.3,96.1,98.3,97.45,98
PAR,908,890.75,915.8,899.15,900
PARACABLES,877.95,870.1,884.25,872.65,877.4
PARADEEP,2935,2905.2,2935,2929.95,2926.45
PARAGMILK,186.3,186.3,190,189.05,189.15
PARAS,14.9,14,15.3,14.45,14.65
PARSVNATH,607.7,598,617.9,601.55,600.1
PASUPTAC,83.75,79.1,84.4,79.9,79.25
PATANJALI,94.85,92.9,94.9,93.55,93.75
PATELENG,34.9,34.9,35.55,35.1,35.25
PATINTLOG,18.4,16.7,18.4,16.8,16.7
PAYTM,14.15,13.55,14.4,13.95,14.1
PCBL,14.5,13.35,14.65,14,14
PCJEWELLER,131.2,127.65,131.85,129.85,130
PDMJEPAPER,111.9,110.35,112.5,110.8,111
PDPL,267.95,260,267.95,260.1,260.05
PDSL,234.4,230.1,247.8,243.3,243.15
PEARLPOLY,157.15,153.6,158.7,156.45,155.5
PEL,340.4,324.2,350,348.65,338.25
PENIND,30,29.6,30.25,29.95,29.8
PENINLAND,32.7,31.4,32.8,31.8,31.4
PERSISTENT,10.1,9.75,10.1,9.8,9.75
PETRONET,595,593.95,605.95,596.5,600
PFIZER,2775,2734,2799,2772.6,2792.9
PFOCUS,1.25,1.25,1.35,1.35,1.35
PFS,23.7,23,23.75,23.35,23
PGEL,42.45,40.3,42.45,40.7,40.75
PGHH,51014.1,50441.55,51392.5,50781.7,50855.7
PGHL,73.85,72.5,74.35,74.1,73.55
PGIL,103.95,91.95,103.95,94.55,93.4
PHOENIXLTD,139.55,136.4,143.4,138.25,136.4
PIDILITIND,149.85,149.1,154.2,151.05,151
PIIND,75.5,68.4,78.2,70.05,68.55
PILANIINVS,282,273.05,283.45,273.9,273.15
PILITA,89.5,89.4,95.15,94.6,94.65
PIONDIST,151.45,150,155.2,151.35,151.95
PIONEEREMB,17.3,16.5,17.3,16.7,16.8
PITTIENG,64,62.8,64.25,64,64.05
PIXTRANS,111.45,109.7,111.75,110.75,110
PKTEA,640,638.95,653.7,641.55,642
PLASTIBLEN,7.5,7.4,7.6,7.45,7.5
PNB,34,31.7,34.3,32.05,32.35
PNBGILTS,1396.3,1372,1404,1376.35,1380
PNBHOUSING,22.6,22.25,22.75,22.4,22.4
PNC,13.8,13.7,14,13.8,13.7
PNCINFRA,704,684,704.75,686.1,686
PODDARHOUS,133.8,133.2,137.3,136.5,136.6
PODDARMENT,96.4,94.1,97.55,97,96
POKARNA,40.7,39.5,42.55,42.2,42.15
POLICYBZR,3.85,3.85,3.85,3.85,3.85
POLYCAB,296,280,302.9,292.9,295
POLYMED,19.75,18.7,19.75,18.85,19
POLYPLEX,826,801.6,827.95,803.05,803.1
PONNIERODE,45.85,45,51.4,50.6,50.65
POWERGRID,199.5,195.7,200.5,197.4,197.5
POWERINDIA,4414,4360.1,4429.7,4372.25,4365
POWERMECH,76.95,73.45,76.95,75,75
PPAP,14.4,14.2,14.4,14.25,14.25
PPL,1046.45,1035,1060,1051.45,1047.4
PRAENG,13866.25,13817.9,13920,13862.4,13900
PRAJIND,4125.2,4102.25,4171.95,4132.75,4168
PRAKASH,445.55,441.8,457.9,446.8,448.9
PRAKASHSTL,1392,1381.05,1401.95,1396.75,1392.05
PRAXIS,2650,2613.65,2667.6,2621.6,2621.5
PRECAM,3004.95,2981.1,3029.55,2994.25,2997
PRECOT,1813.85,1772.75,1834,1786.95,1787
PRECWIRE,8,7.85,8.1,7.9,7.9
PREMEXPLN,172.95,167.05,172.95,168.8,169.95
PREMIER,42.8,42.55,43.2,42.8,42.55
PREMIERPOL,292.45,289.15,298.45,292.9,292
PRESSMN,869.25,850,878.95,853.9,853
PRESTIGE,280,263.65,280,263.65,263.65
PRICOLLTD,220.3,220,242.4,226.6,226
PRIMESECU,36.4,35.45,36.45,35.9,35.85
PRINCEPIPE,61.3,60.5,61.3,60.75,60.6
PRITI,390.8,383.4,394.85,389.6,388
PRITIKAUTO,55.5,53.25,56.95,54,53.5
PRIVISCL,262.25,259.1,264.4,263.55,263.55
PROZONINTU,231.95,220.9,236.9,220.9,220.9
PRSMJOHNSN,258.05,256.5,259,257.65,256.5
PRUDENT,448,439,458,443.55,445
PSB,461,450,461,452.6,454
PSPPROJECT,2581.1,2568.45,2598,2574.6,2575.2
PTC,990,958,993.15,962.25,960
PTL,1850,1805,1864.9,1812.85,1816
PUNJABCHEM,251.25,248.35,255.95,251,250.05
PURVA,214.95,213.25,217.3,213.95,213.95
PVP,3402.3,3365.05,3435,3396.55,3372
PVR,1900,1817.55,1926.15,1822.4,1838
QUESS,220.3,216,220.3,218.2,218
QUICKHEAL,170.4,167.5,171.25,168.5,168.65
RADAAN,15.05,14.55,15.05,14.9,15.05
RADHIKAJWE,426.1,421.1,441.9,438.5,439.05
RADICO,52.45,51.15,52.7,51.65,51.7
RADIOCITY,5.4,5.3,5.45,5.35,5.3
RAILTEL,32.45,31.5,32.45,31.55,31.5
RAIN,109.75,105,110.1,106.2,105.3
RAINBOW,230.45,229.65,234,233.1,234
RAJESHEXPO,90.7,86.2,91.4,88.15,88.4
RAJMET,443,430.3,445.1,436.65,434.05
RAJRATAN,3.7,3.6,3.8,3.65,3.65
RAJRILTD,92.3,90.35,92.35,91.1,91.55
RAJSREESUG,56,51.3,56.35,53.35,53.3
RAJTV,434.9,431.6,442.4,439.75,438
RALLIS,193.9,190.25,196,192.55,192.05
RAMANEWS,98.9,97.5,100.4,99.55,98.1
RAMAPHO,576,575,581.85,577.9,580
RAMASTEEL,174.95,174.9,179.7,179.7,179.7
RAMCOCEM,17.2,15.9,17.45,16.3,16.3
RAMCOIND,1414,1377,1424.35,1383.5,1383.25
RAMCOSYS,22.3,21.65,22.3,21.8,21.65
RAMKY,124.25,123.8,126.4,124.85,124.3
RAMRAT,661,660,670,665.8,665.2
RANASUG,15.2,14.95,15.25,15.1,15.1
RANEENGINE,647.5,628,647.5,634.65,635
RANEHOLDIN,76.65,76.05,77.2,76.85,77
RATEGAIN,30.15,30,30.6,30.05,30.2
RATNAMANI,1210,1139.4,1210,1142.85,1139.4
RAYMOND,91.6,91.6,95.5,91.95,92
RBA,8.1,8.1,8.8,8.8,8.8
RBL,1715,1675,1728,1698.9,1697
RBLBANK,598,582.95,603.55,585.8,585.6
RCF,206.45,201.2,208.9,206.6,208.6
RCOM,1.4,1.4,1.4,1.4,1.4
REDINGTON,36.65,35.85,37.65,36.65,37
REFEX,40.25,39.55,44.6,40.55,40.5
REGENCERAM,212.15,210.2,213.45,211.45,210.9
RELAXO,16,15.75,16.3,15.9,16.05
RELCHEMQ,288.6,288.6,307.3,292.25,302
RELIANCE,107,102.95,116.05,116.05,116.05
RELIGARE,707.3,699.85,711.95,702.3,700.5
RELINFRA,192.35,186.1,192.35,188,188
REMSONSIND,260.3,255.8,263.55,257.8,258
RENUKA,213.3,212.1,221.7,214.05,214.1
REPCOHOME,212,202.2,216.8,208.15,208.5
REPL,24.75,24.4,24.95,24.5,24.6
REPRO,228.5,227.6,235,230.8,232.65
RESPONIND,854,854,871.3,862.45,861.4
REVATHI,280,277.5,284.6,279.5,278.8
RGL,2036.35,2000,2086.9,2067.8,2066
RHIM,123.25,120.8,125.2,122.9,122.9
RICOAUTO,94.5,92.25,95,92.5,92.5
RIIL,1.95,1.9,1.95,1.9,1.9
RITCO,135.6,135,137,136.25,136.5
RITES,157.7,151.45,160,155.4,156.5
RKDL,26.55,26.55,26.55,26.55,26.55
RKEC,988.2,969.2,990.8,974.95,983.6
RKFORGE,188.05,182.55,197.05,190.45,192.15
RMCL,2371.4,2360.1,2394,2382.8,2381
RML,172.05,167.8,185.5,183.75,185
ROHLTD,143.05,140.15,145.3,142.35,143
ROLEXRINGS,225.3,222,227,225.15,224
ROLLT,66,64.35,66.7,65.25,65
ROLTA,220,212.95,222.55,215.9,217
ROML,160.35,155.5,160.35,156.55,156
ROSSARI,444.65,436.1,464.8,448.7,445
ROSSELLIND,139.85,138,140,138.3,138.5
ROTO,890.15,876.65,894.9,880.6,877.5
ROUTE,112.25,108.1,113,110.2,110.5
RPGLIFE,670.2,655,688.9,663.35,662.05
RPOWER,56.8,56.3,57.85,57.45,57.35
RPPINFRA,1149,1120.95,1155,1139.85,1137
RPPL,200,190.1,202.65,193.8,194
RPSGVENT,345.9,345,386.85,380.35,382.5
RSSOFTWARE,18.4,17.65,18.8,18.8,18.8
RSWM,46.9,44.1,47.15,45.05,44.55
RSYSTEMS,204.25,201.3,215.9,210.25,209.95
RTNINDIA,1.85,1.85,1.85,1.85,1.85
RTNPOWER,367.5,360.05,368.5,361.15,360.7
RUBYMILLS,272,263.4,273.3,267.95,267
RUCHINFRA,2028,2011,2068.45,2035.45,2044
RUCHIRA,1.3,1.25,1.35,1.35,1.35
RUPA,4.4,4.2,4.4,4.25,4.25
RUSHIL,58,56.25,58.3,56.5,56.5
RVHL,926.75,901,927,914.3,911.2
RVNL,286.75,280.05,290.95,281.95,281.8
S&SPOWER,422.9,405,422.9,411.05,410.5
SABEVENTS,1420,1379.75,1422.6,1383.4,1384
SADBHAV,810,786,847.85,830.2,837.65
SADBHIN,16.5,16.25,16.9,16.5,16.35
SAFARI,36.25,35.25,36.25,35.85,35.7
SAGARDEEP,202.9,192,202.9,193.5,192.5
SAGCEM,485.7,467.1,486.45,469.4,469
SAIL,28,26.8,28.65,27.1,27.6
SAKAR,328.5,316.85,329.45,318.65,318.15
SAKHTISUG,234.65,232.15,245,240.15,240.1
SAKSOFT,49.9,48.55,50.2,49.05,49
SAKUMA,4.4,4.3,4.5,4.4,4.4
SALASAR,249,234,249.9,234.85,234
SALONA,9.2,8.9,9.2,9,9
SALSTEEL,127.9,123.05,128.55,123.55,123.05
SALZERELEC,313.95,308,313.95,309,308.5
SAMBHAAV,493,485.1,506.8,487.05,486.6
SANCO,29,27,29,27.55,27
SANDESH,37.1,36.65,37.45,36.8,36.8
SANDHAR,28.6,27.3,29.95,29.95,29.95
SANGAMIND,6.55,6.55,6.55,6.55,6.55
SANGHIIND,13.15,12.7,13.2,12.75,12.7
SANGHVIMOV,6.7,6.3,6.75,6.5,6.6
SANGINITA,1735.2,1707.6,1810,1720.2,1748.1
SANOFI,29,28.05,29,28.4,28.35
SANSERA,206.55,203,208.75,203.95,205.1
SANWARIA,79.45,77.5,79.85,78.15,78.2
SAPPHIRE,276.35,272.05,287,280.9,281.5
SARDAEN,23.05,22,23.3,22.15,22.2
SAREGAMA,99.6,97.35,99.7,97.75,97.75
SARLAPOLY,14.1,14.1,14.4,14.25,14.25
SASKEN,28.7,28.35,29.05,28.7,28.95
SASTASUNDR,260.1,256,267.95,261.75,263.9
SATHAISPAT,13.3,13.3,13.7,13.35,13.3
SATIA,248,245.1,250.8,245.8,245.1
SATIN,4.2,4,4.2,4.05,4.1
SBC,8.8,8.6,8.95,8.9,8.9
SBCL,767.95,757,767.95,765.8,764
SBICARD,225.95,222,226,223.9,224
SBILIFE,262.6,257.3,268.45,259.3,260
SBIN,52.5,50.25,52.5,51,51
SCAPDVR,231.4,224,231.4,226.05,225
SCHAEFFLER,22.75,22.3,23.25,22.55,22.5
SCHAND,5850,5750.1,5850,5754.6,5760.35
SCHNEIDER,693.7,693.7,710,706.25,700.5
SCI,0.8,0.75,0.8,0.75,0.8
SDBL,1445,1397.65,1454.95,1405.55,1420
SEAMECLTD,831.35,816.3,839.7,819.7,816.85
SECURKLOUD,379,372,379,377.6,377.7
SELAN,49.5,47.75,49.5,48.15,48.45
SELMC,821.45,800.2,835,821.65,820
SEPC,307.95,297.1,311.4,300,303.4
SEPOWER,2.8,2.8,2.8,2.8,2.8
SEQUENT,139.85,136.6,140.6,139.1,138.6
SERVOTECH,132,130.4,133.8,131.45,132.1
SESHAPAPER,8.6,8.4,8.7,8.5,8.45
SETCO,460,446.6,464.85,461.25,463
SETUINFRA,875,859,876,861.3,859
SFL,1207,1185.05,1216.55,1187.9,1187
SGIL,533,520.2,533.8,521.45,521.9
SGL,14.7,14.7,15.05,14.85,14.85
SHAHALLOYS,3300,3272.05,3370.35,3300.15,3307
SHAILY,180.6,178.4,185,182.3,181.25
SHAKTIPUMP,179.1,173.95,180.9,174.5,174.85
SHALBY,120.8,119.3,122.45,119.85,119.8
SHALPAINTS,122.3,117.35,124.5,119.3,119
SHANKARA,1142,1135,1174.65,1143.1,1143
SHANTI,64.95,64,68,66.55,65.5
SHANTIGEAR,319.5,314,323,315.85,314.1
SHARDACROP,735.75,735.75,735.75,735.75,735.75
SHARDAMOTR,8.35,8.2,8.45,8.35,8.25
SHAREINDIA,18.65,18.05,19,18.45,18.35
SHEMAROO,104.55,102.05,104.9,102.55,102.75
SHILPAMED,172.05,172.05,187.5,184.5,186
SHIVALIK,276,275.3,284,280.65,279.5
SHIVAMAUTO,11.2,10.85,11.55,11.1,11.05
SHIVAMILLS,1.75,1.75,1.9,1.85,1.85
SHIVATEX,2620.65,2590,2687,2606.75,2615.1
SHK,147.1,147.1,152.8,148.35,148.6
SHOPERSTOP,24.3,23.1,24.3,23.7,23.3
SHRADHA,64.5,62.25,65,62.8,62.65
SHREDIGCEM,1862.95,1815.25,1924,1890.95,1919.9
SHREECEM,504.95,494.9,504.95,496.35,498.45
SHREEPUSHK,131.35,131.35,134.55,132.85,132.65
SHREERAMA,168.05,164,170,167.5,168.95
SHRENIK,701,690.3,730.9,728.6,729.5
SHREYANIND,22.45,20.05,22.45,21.25,21.05
SHREYAS,355,353.45,376,359.15,358.8
SHRIPISTON,435.9,429.7,437.45,434.75,436
SHRIRAMCIT,780,780,809,796.75,795
SHRIRAMPPS,1245,1241,1264.9,1245.55,1247.95
SHYAMCENT,161.95,155.55,165.2,156.85,157.1
SHYAMMETL,358.2,349.5,361.65,350.65,350
SHYAMTEL,831.05,811,838.6,812.65,814
SIEMENS,37.25,36.6,37.7,37.05,37
SIGACHI,121.15,118.1,121.95,119.95,120
SIGIND,159.85,154.85,159.9,155.95,156.3
SIKKO,142.6,138.25,142.85,138.9,139.5
SIL,773.25,757,778.85,762.85,763
SILGO,62.2,62.2,65.5,63,63
SILINV,66.95,65.4,67.35,65.85,65.85
SILLYMONKS,20870,20740.65,21131.65,21075.65,21020
SILVERTUC,245,236.6,245,238.25,238.25
SIMBHALS,14.05,13.7,14.2,14,14
SIMPLEXINF,2,1.9,2,1.95,1.9
SINTERCOM,129.75,127,134.6,130.75,131
SIRCA,344.9,332.75,346.15,336.75,336
SIS,773,773,800,774.05,773
SITINET,1752.8,1706,1752.8,1716.35,1715
SIYSIL,77,74.6,78,75.3,75.3
SJS,22.95,22.2,22.95,22.35,22.35
SJVN,284.6,282,287.45,285.45,284.85
SKFINDIA,9.65,9.6,9.7,9.7,9.7
SKIPPER,2769.95,2722.1,2778.05,2740.05,2740.2
SKMEGGPROD,265.05,260,269.4,262.8,264
SMARTLINK,38.75,38.5,39.35,38.7,38.75
SMCGLOBAL,150.5,140.45,152.8,152.7,152.8
SMLISUZU,22,21.65,22.25,21.9,22
SMLT,24.65,24,25.45,24.25,24.5
SMSLIFE,311.15,307.2,319.95,317.75,318.2
SMSPHARMA,29.85,27.25,29.9,28.25,27.75
SNOWMAN,354,341.55,360,351.4,351
SOBHA,20.6,20.1,20.85,20.2,20.1
SOFTTECH,58.35,52.15,58.35,52.7,52.75
SOLARA,83.35,80.55,83.35,82.6,82.5
SOLARINDS,613.7,581.6,615.05,585.25,587.4
SOMANYCERA,414.3,412.05,418.35,414.65,412.5
SOMATEX,1.85,1.7,1.85,1.75,1.75
SOMICONVEY,465.5,455,468.9,458.55,461.4
SONACOMS,423.1,422.05,435.85,429.5,428
SONAMCLOCK,32.9,32.3,32.95,32.6,32.6
SONATSOFTW,4529.9,4485.05,4598,4509.35,4485.1
SOTL,70.15,70.15,72.75,70.8,71
SOUTHBANK,109.1,108,113,112.15,113
SOUTHWEST,131,127.6,134.45,131.65,131.45
SPAL,77,76.1,79.75,78.9,79
SPANDANA,793.55,775.2,795.95,779.15,776
SPARC,122.1,120.2,127.7,121.65,120.75
SPCENET,651.3,650.3,677.95,669.5,672
SPECIALITY,87.15,87.15,88.85,88,88
SPENCERS,35.55,34.6,35.55,34.9,34.95
SPIC,632.95,632.95,647.45,641,641.3
SPICEJET,172.95,168.2,175.8,174.3,174.55
SPLIL,416.1,410.6,426.4,416.1,415.75
SPLPETRO,3874.6,3810,3884.65,3827.25,3826.3
SPMLINFRA,557,542.7,557,546.1,548
SPORTKING,7.4,7.3,7.65,7.35,7.5
SPTL,45.2,44.05,45.2,45,45
SREEL,462.95,456.3,465.75,460.5,459.15
SRF,37.15,36.6,39,38.2,37.55
SRHHYPOLTD,517,501.05,518.85,505.6,504.8
SRPL,290,281.6,292.1,287.6,289.9
SSWL,3.4,3.3,3.4,3.35,3.4
STAR,229.55,226.85,239.75,236,235
STARCEMENT,2526,2464.2,2529.95,2496.85,2488
STARHEALTH,752,742,783.95,747,747
STARPAPER,82.75,80.1,82.75,80.65,80.3
STARTECK,776.05,760.2,789.95,766.5,763.2
STCINDIA,319,309.05,319.5,312.4,310.85
STEELCAS,109.4,106,110,107.15,106.25
STEELCITY,719,710.1,722.45,713.65,711.45
STEELXIND,195.95,195.25,201,197.8,195.4
STEL,138.9,131,138.9,131.1,131
STERTOOLS,84.5,83.65,88.8,87.7,88
STLTECH,443,432.85,443,436.75,437
STOVEKRAFT,60.5,57.6,60.6,57.9,58
STYLAMIND,13.1,12.85,13.1,12.95,12.9
SUBCAPCITY,128.1,125.15,132.45,126.1,126
SUBEXLTD,210,199.05,219.75,219.75,219.75
SUBROS,171.5,168.25,173,169.3,169.25
SUDARSCHEM,670,670,700,676.5,677
SUMEETINDS,1103.25,1066.8,1114.15,1076.5,1079.7
SUMICHEM,136.05,135,136.05,136.05,136.05
SUMIT,32,31.5,32.2,31.6,31.65
SUMMITSEC,373,364,374,365.85,365.05
SUNCLAYLTD,414.6,410.5,418.8,414.95,415.6
SUNDARAM,6.25,5.95,6.5,6.05,6.25
SUNDARMFIN,500.4,500.1,509,508.05,508
SUNDARMHLD,12.8,12.15,12.8,12.6,12.6
SUNDRMBRAK,615.8,601.1,622.8,606.6,610
SUNDRMFAST,4444.8,4400,4499.9,4484.6,4490.9
SUNFLAG,2.9,2.8,2.9,2.9,2.9
SUNPHARMA,2212.7,2195.15,2247,2211.8,2217.5
SUNTECK,97.4,93.85,98.4,94.8,96
SUNTV,345.05,338,349.55,339.05,338.2
SUPERHOUSE,930.1,907,933.9,915.55,919.7
SUPERSPIN,83.75,81.9,84,82.35,82.5
SUPRAJIT,956.85,951.5,973.75,968.4,968
SUPREMEENG,399.95,392,403.25,394.65,393.7
SUPREMEIND,538.7,531.5,551,537.35,539.9
SUPREMEINF,243,237.1,249,246.85,247
SUPRIYA,10.25,10.2,10.65,10.3,10.25
SURANASOL,326.5,323.05,328.7,325.15,325
SURANAT&P,1.8,1.7,1.8,1.8,1.8
SURYALAXMI,2029,1965,2029.4,1975.55,1982.85
SURYAROSNI,27.9,27.9,27.9,27.9,27.9
SURYODAY,288.7,284.05,291.45,287.2,290.95
SUTLEJTEX,23.4,22.9,23.75,23.1,23
SUULD,11.4,11.05,11.5,11.3,11.4
SUVEN,64,61.6,64.35,61.9,62
SUVENPHAR,467.35,457.5,467.95,461.75,464.55
SUVIDHAA,96.35,94.55,97.85,95.35,95.85
SUZLON,67.95,65.1,67.95,65.8,66
SUZLON-RE,44,43.25,44,43.3,43.25
SVPGLOB,72.5,71.05,74.2,73.4,71.9
SWANENERGY,408,405,411.75,406.95,406.9
SWARAJENG,5.8,5.7,5.85,5.75,5.75
SWELECTES,6.95,6.6,6.95,6.8,6.85
SWSOLAR,1.2,0.9,1.5,1.35,1.45
SYMPHONY,28.65,27.9,29,28.25,28.35
SYNGENE,214.85,209.8,215.2,211.75,213
SYRMA,1655,1612.8,1672.95,1629.15,1625.1
TAINWALCHM,341,315.6,342,321.25,321.6
TAJGVK,299,290.7,302,292.2,292.6
TAKE,855.15,840.7,856.15,844.7,845.7
TALBROAUTO,551.55,544,557.2,549.8,549
TANLA,292.55,283.05,292.55,285.15,285.75
TANTIACONS,89.15,88.4,91.1,88.8,89.9
TARAPUR,193.85,188,195.95,189.25,189
TARC,24.65,24.1,24.8,24.3,24.25
TARMAT,476,472,483.75,474.4,473.1
TARSONS,794,791.25,872.3,812.15,814
TASTYBITE,13.15,13.15,14.35,13.15,13.15
TATACHEM,4.5,4.3,4.5,4.3,4.3
TATACOFFEE,42.95,41.85,43.7,43.3,43.35
TATACOMM,52.5,51.4,52.6,52.35,52.1
TATACONSUM,813.95,786.55,813.95,791.45,794
TATAELXSI,12214,11755,12257.8,11915.65,11870
TATAINVEST,1165,1138.3,1170.7,1151.85,1152.55
TATAMETALI,216.4,212.6,216.4,215.5,215.55
TATAMOTORS,1183,1137.1,1188.2,1165.55,1165
TATAMTRDVR,754.95,749.15,760.2,757.4,756.55
TATAPOWER,8380.65,8293.6,8424.85,8312.85,8335.15
TATASTEEL,2339,2280.1,2339.6,2286.8,2284
TATASTLLP,728.8,718.65,737.55,727.6,726.4
TATVA,396.55,394.55,403.5,399,399
TBZ,192.95,191,195.95,193.7,193.6
TCI,217.95,213.5,218.9,216.15,216.3
TCIDEVELOP,101.1,98.8,101.8,100.1,100.2
TCIEXP,616,604.65,621.9,610.15,607
TCNSBRANDS,2489.5,2480,2510,2498.1,2485.05
TCPLPACK,80.4,79.05,82.85,79.3,79.25
TCS,782.8,775,796,789.2,784
TDPOWERSYS,382.1,382.1,386.15,386,386
TEAMLEASE,1900,1863.55,1908.65,1876.85,1879.9
TECHIN,642.15,627.9,643.1,633.6,642
TECHM,1225.95,1205.95,1229.1,1219.5,1229.1
TECHNOE,3100.75,3052.35,3110,3103.3,3100
TEGA,625,610,636.8,618,618
TEJASNET,3056.15,2990,3056.15,3011.25,3030
TEMBO,10.15,9.65,10.25,10.05,9.85
TERASOFT,1018.85,1003.05,1021,1012.95,1013
TEXINFRA,277.05,276.5,282.95,280.3,282
TEXMOPIPES,536,525.05,546,534.9,535
TEXRAIL,717.4,705.1,730,719.65,719
TFCILTD,94.5,94.5,98.75,97.15,97.45
TFL,48.4,47,48.75,47.55,47.6
TGBHOTELS,61,60.5,61.65,61.2,61
THANGAMAYL,63.2,62.85,64.5,63.55,63.9
THEINVEST,47.85,46.5,48.3,47.55,47.65
THEMISMED,67.35,66.35,68.25,66.65,66.55
THERMAX,9.1,8.7,9.1,8.7,8.7
THOMASCOOK,10.95,10.75,11.5,11.45,11.3
THOMASCOTT,1264.75,1251.05,1290,1269.6,1273
THYROCARE,94.4,90.15,96.5,94.35,93
TI,1012.9,999,1021.55,1007.25,1010
TIDEWATER,2074,2010.25,2074,2043.3,2043.9
TIIL,77.6,76.1,78.15,76.6,76.25
TIINDIA,37.5,37.45,37.5,37.45,37.45
TIJARIA,682,670.5,687.8,674.1,670.65
TIL,101.4,99.1,103.2,100.7,101
TIMESGTY,1046,1021.35,1046,1027.15,1030.8
TIMETECHNO,755.55,711,758.25,712.95,719
TIMKEN,2640,2624.8,2676.45,2666.35,2665
TINPLATE,5.4,4.15,5.4,4.55,4.65
TIPSFILMS,116,109,117,110.25,110.2
TIPSINDLTD,50.15,49.05,50.95,49.35,50.05
TIRUMALCHM,106,103.6,107,103.9,104.15
TIRUPATIFL,3244.8,3092,3245,3110.9,3119.05
TITAN,304.5,297,306.15,302.2,302.25
TMB,330.9,330.9,330.9,330.9,330.9
TNPETRO,1570.55,1535.15,1570.55,1549.45,1549
TNPL,216,211.05,217.45,212.2,212.9
TNTELE,15.4,14.75,15.5,14.95,15.1
TOKYOPLAST,2610,2591,2628,2598.65,2598
TORNTPHARM,468,463.55,469.65,465.45,465.95
TORNTPOWER,99,97,99.15,97.3,97.2
TOTAL,233,229.2,239.4,237.8,238
TOUCHWOOD,8.25,7.65,8.25,7.95,7.95
TPLPLASTEH,96.5,95.35,97.55,96.25,95.35
TREEHOUSE,1588.8,1575.7,1624.9,1589.2,1588
TREJHARA,483,475.4,485.65,479.55,478.55
TRENT,169.9,159,170,160.65,161
TRF,104,98.5,108.45,107.7,108.45
TRIDENT,199,187.15,202.35,192.15,192
TRIGYN,15.6,14.95,16.7,16.7,16.7
TRIL,74.7,69.05,74.7,70.35,69.75
TRITURBINE,1422.95,1396,1438.6,1401.65,1400.7
TRIVENI,183.35,183.35,183.35,183.35,183.35
TRU,36.6,36,36.7,36.05,36.25
TTKHLTCARE,101,99.5,101.85,100.25,99.55
TTKPRESTIG,52.55,51,52.9,51.65,51.2
TTL,267.4,256.5,267.6,257.5,257.85
TTML,275.75,272.1,289,286.35,285.4
TV18BRDCST,61.7,58.8,64.7,60.05,60
TVSELECT,986.95,960.15,990,968.35,960.15
TVSMOTOR,980.85,963.6,1008,969.35,975.95
TVSSRICHAK,89.75,85.1,89.75,85.7,85.35
TVTODAY,100.9,99,104.75,104.75,104.75
TVVISION,37.6,36.75,37.7,36.95,37.05
TWL,244.8,241.6,248.1,243.65,246.3
UBL,1087.7,1066.6,1096.35,1077.6,1077.65
UCALFUEL,2418.55,2371.5,2432.75,2404.5,2402
UCOBANK,273.5,269,274.95,272,273
UDAICEMENT,2.75,2.75,2.75,2.75,2.75
UFLEX,156.4,154.5,161.95,160.35,161.2
UFO,1669.4,1643.95,1680,1654.9,1658.95
UGARSUGAR,129,126.55,129.25,127.25,127.2
UJAAS,3.15,3.05,3.15,3.05,3.1
UJJIVAN,248.45,244.05,251.95,251.25,251.5
UJJIVANSFB,24.85,24.1,25.1,24.35,24.3
ULTRACEMCO,6172,6101,6216,6181.75,6175
UMAEXPORTS,47.15,47,47.9,47.15,47.1
UMANGDAIRY,59.15,58.5,60.05,58.75,58.5
UMESLTD,4.45,4.05,4.45,4.05,4.2
UNICHEMLAB,363.55,358,367.45,361.05,360.6
UNIDT,319.2,290.9,320,294.15,297.95
UNIENTER,132.85,128.6,132.85,130.1,130.75
UNIINFO,24.75,23.5,24.75,23.55,23.6
UNIONBANK,43.6,42.8,43.85,43.05,43.05
UNITECH,1.95,1.85,1.95,1.9,1.9
UNITEDPOLY,62.4,59.05,64.9,64.9,64.9
UNITEDTEA,292,292,300,295.6,295
UNIVASTU,78.3,76.2,79,76.5,76.2
UNIVCABLES,249,239.55,263,261,260
UNIVPHOTO,645,581.3,649,592.15,584.5
UNOMINDA,561.3,553,569,554.25,553
UPL,675,662.1,676.5,663.9,663.6
URJA,11.25,10.9,11.25,11,11.05
USHAMART,128.6,127.4,133.9,132.45,132
UTIAMC,726.55,710,731.5,726.65,731
UTTAMSTL,3.2,3.1,3.25,3.15,3.15
UTTAMSUGAR,265.65,261.85,267.9,262.8,263.05
V2RETAIL,112.7,108.5,112.7,109.25,109.5
VADILALIND,2517,2494.85,2597,2499.05,2495.05
VAIBHAVGBL,355,343.05,355.9,345.25,344
VAISHALI,99.35,98.25,101,98.65,98.5
VAKRANGEE,35.1,34.3,35.45,34.9,34.95
VALIANTORG,722,711.2,724.85,714.6,713.5
VARDHACRLC,52.45,51.5,52.45,52,52.2
VARDMNPOLY,19.65,19.55,20.3,19.65,19.75
VARROC,313.5,308.6,315.45,312.9,311.95
VASCONEQ,27.65,27.1,27.7,27.3,27.25
VASWANI,21,20.1,21.2,20.4,20.35
VBL,1088.35,1058,1098.95,1067.8,1064
VCL,9.35,8.75,9.5,8.95,9.15
VEDL,292.8,287.35,294.9,293,293
VENKEYS,1949.95,1931,1957.35,1934.65,1934.5
VENUSPIPES,651.45,651.4,684,674.7,680.95
VENUSREM,207,201.25,207,203.15,204.9
VERANDA,354,329.2,359.9,332.5,330
VERTOZ,116.9,113.05,126.55,126.3,123.15
VESUVIUS,1469.9,1450.1,1476.9,1466,1468
VETO,107.65,104.15,107.65,105,105.5
VGUARD,248.7,246.25,254.9,250.95,251
VHL,3092.1,3050,3148.95,3064.05,3090
VIDHIING,384.7,378.1,387.65,380.55,383.5
VIJAYA,425,418.3,432,420.35,420
VIJIFIN,2.4,2.35,2.55,2.55,2.55
VIKASECO,3.35,3.3,3.45,3.4,3.4
VIKASLIFE,4.95,4.85,5,4.9,4.95
VIKASPROP,0.85,0.8,0.9,0.85,0.85
VIKASWSP,2.2,2.05,2.2,2.1,2.15
VIMTALABS,351,342.85,354.8,349.5,348
VINATIORGA,1975.95,1970,1995,1979.1,1979
VINDHYATEL,1404,1388.65,1440,1410.9,1404
VINEETLAB,65.5,63.2,67,63.6,63.8
VINYLINDIA,585,564,594,569.15,566
VIPCLOTHNG,38.35,36.7,38.35,37,36.95
VIPIND,688.4,680.7,694,689.2,690
VIPULLTD,12.55,12.3,12.9,12.4,12.4
VISAKAIND,551.55,541,557.45,547,547.6
VISASTEEL,14.7,14,14.7,14.15,14.2
VISESHINFO,0.65,0.6,0.65,0.6,0.65
VISHAL,23.25,22.5,23.3,22.65,22.85
VISHNU,1889.9,1821.55,1889.9,1829.8,1834.8
VISHWARAJ,17.25,17.05,17.4,17.05,17.1
VIVIDHA,1.3,1.25,1.3,1.3,1.25
VIVIMEDLAB,10.2,9.75,10.2,9.85,9.85
VLSFINANCE,133.1,132.05,135.6,133.55,133.4
VMART,2770.7,2770,2811.3,2803.95,2800.25
VOLTAMP,2662.55,2565,2669,2596.4,2610
VOLTAS,870.7,863,876.55,873.9,873
VRLLOG,605.9,586,605.9,587.55,588.9
VSSL,252.3,247.25,253.5,250.55,252.95
VSTIND,3287,3208.95,3323.55,3241.85,3265.5
VSTTILLERS,2198.9,2166,2255.85,2183.65,2185
VTL,349,347,356,351.95,351.25
WABAG,263,260.2,266.35,261.9,263.6
WALCHANNAG,56.65,55.8,58.9,56.3,56.1
WANBURY,66.5,66.4,69.9,67.05,66.6
WATERBASE,81.1,79.05,81.1,79.6,79.75
WEALTH,254.75,246,269.85,248.5,246
WEBELSOLAR,97.5,95,97.5,95.85,95.95
WEIZMANIND,87.75,83.3,87.75,85,85
WELCORP,244,236.55,250.05,241.65,241.35
WELENT,127.15,124.2,128,124.6,124.9
WELINV,291.9,282.3,293.55,283.7,282.65
WELSPUNIND,75.75,75.5,77.5,76.9,76.6
WENDT,7750,7570.55,7790.95,7661.75,7630.55
WESTLIFE,718.75,713,726.55,721.55,717.9
WEWIN,48.9,44.75,49.35,47.25,48
WFL,173.05,166.55,174.95,172.95,174.95
WHEELS,605.2,605.2,619.85,618.6,619.85
WHIRLPOOL,1582.5,1570.5,1603.45,1579.5,1581.45
WILLAMAGOR,24.9,24.9,24.9,24.9,24.9
WINDLAS,232.3,227.1,233.15,230.1,230.5
WINDMACHIN,36.55,35.5,38,36.35,36.25
WINPRO,5.75,5.25,5.75,5.35,5.35
WIPL,112.55,109.85,113.05,113.05,113.05
WIPRO,387,378.1,392.35,379.1,379.6
WOCKPHARMA,244,239.4,246.05,241.1,241.55
WONDERLA,364.4,363,375.5,372.05,372.25
WORTH,123,119.2,123,119.8,119.2
WSTCSTPAPR,521.7,515.75,533.1,529.1,527
XCHANGING,78.9,76.6,84.8,83.1,82.65
XELPMOC,178.45,169.6,179,171.25,171
XPROINDIA,717.45,685,717.45,688,693
YAARI,35.4,34.8,35.6,35.25,35.5
YESBANK,15.95,15.6,16,15.8,15.8
YUKEN,514,511.6,527.05,520.85,517.8
ZEEL,269.4,266,275.35,273.15,272.6
ZEELEARN,7.2,7.05,7.3,7.1,7.05
ZEEMEDIA,16.95,16.35,17.2,16.55,16.7
ZENITHEXPO,136.95,117.95,136.95,136.95,136.95
ZENITHSTL,5.6,5.35,5.6,5.4,5.45
ZENSARTECH,221.45,215.6,222.95,218.3,218.5
ZENTEC,198.15,194.05,198.5,196.4,196
ZFCVINDIA,10800,10480,10924.05,10583.25,10500
ZODIAC,151,143.15,151.95,144.45,144.7
ZODIACLOTH,93.95,92,94,92.8,92.25
ZOMATO,64.1,61,64.65,61.25,61.7
ZOTA,284.35,277,284.4,278.35,278
ZUARI,178.4,175.5,188.9,187,186.3
ZUARIIND,165.6,163.85,168.7,166.2,167
ZYDUSLIFE,420.6,412.9,423.7,414.75,415.6
ZYDUSWELL,1769,1725,1769,1734.75,1727.05
