SYMBOL,TOTTRDQTY,TOTTRDVAL,TOTALTRADES
20MICRONS,56206,5417799.75,1996
21STCENMGM,5194,119943.7,102
3IINFOLTD,263245,11230790,2745
3MINDIA,3090,72348259.45,886
3PLAND,7773,145886.9,110
4THDIM,101,8069.9,3
5PAISA,62149,21607200.6,2936
63MOONS,54259,9224888.55,1867
A2ZINFRA,164815,1804203.7,401
AAKASH,388504,5510752.1,407
AAREYDRUGS,553501,22855138.85,3530
AARON,2130,339640.6,136
AARTIDRUGS,156770,591931021.2,15427
AARTIIND,3623,103185.4,110
AARTISURF,3528425,8051476174,99362
AARVEEDEN,6000,2256120,10
AARVI,625892,22490349.25,5319
AAVAS,820,957957,11
ABAN,800,912520,1
ABB,1,1197,1
ABBOTINDIA,364,440192.36,10
ABCAPITAL,110,132550,2
ABFRL,18,25298.6,4
ABMINTLLTD,8437450,1085494147,35256
ABSLAMC,180,162000,4
ACC,271,250675,8
ACCELYA,655,592669.15,9
ACCURACY,40,56000,1
ACE,5,4878,1
ACRYSIL,10,10150,1
ADANIENT,5,4514.2,2
ADANIGREEN,81,77355,6
ADANIPORTS,1,1000,1
ADANIPOWER,5,4895,2
ADANITRANS,5,4849.95,1
ADFFOODS,20,21350,3
ADL,1819758,17745584.25,2131
ADORWELD,166,181600.83,7
ADROITINFO,179567,63491486.65,6845
ADSL,20,20700,1
ADVANIHOTR,95,95191.62,5
ADVENZYMES,50,50307.5,1
AEGISCHEM,241,246232.79,4
AETHER,2339,2358563.43,30
AFFLE,1272,1258642.03,18
AGARIND,6,5709.3,2
AGI,2494125,53298683.2,8233
AGRITECH,624,683280,3
AGROPHOS,50,61249.5,1
AGSTRA,50,55000,1
AHLADA,100,107030,1
AHLEAST,84,104167.1,6
AHLUCONT,500,523009,3
AIAENG,2222,2491311.64,45
AIRAN,150,180379.06,6
AIROLAM,625,653857.2,5
AJANTPHARM,436,496142.31,18
AJMERA,3303126,680366636.3,17732
AJOONI,50,53192.5,4
AJRINFRA,16291160,618803364.9,22121
AKASH,2,2499.98,1
AKG,200,271000,2
AKSHAR,9447511,1563267470,40249
AKSHARCHEM,190,212798.5,15
AKSHOPTFBR,435,543100.46,5
AKZOINDIA,28722,382880.18,71
ALANKIT,100,104775.75,2
ALBERTDAVD,166,199018,24
ALEMBICLTD,4925016,502108356.4,21018
ALICON,717,868006.78,12
ALKALI,1335,1496720,9
ALKEM,100,111940,3
ALKYLAMINE,150,207341.01,5
ALLCARGO,2981139,964172010.8,22686
ALLSEC,17,18023.5,3
ALMONDZ,6193522,569222128.5,20274
ALOKINDS,100,109879,1
ALPA,320,367460,4
ALPHAGEO,200,212250,2
ALPSINDUS,1082,1182475,10
AMARAJABAT,20,22282.8,3
AMBER,700,875306,3
AMBICAAGAR,673,751018.01,7
AMBIKCO,547,681621.5,6
AMBUJACEM,11,12540.11,2
AMDIND,421906,1566612.9,829
AMIORG,97,44635,9
AMJLAND,55,24115,4
AMRUTANJAN,403331,479872595.4,18766
ANANDRATHI,178,180601.87,9
ANANTRAJ,162,171666.96,3
ANDHRAPAP,107,110582.12,3
ANDHRSUGAR,300,318187.22,8
ANDREWYU,675,677782,15
ANGELONE,26,26796.9,3
ANIKINDS,388,418206,23
ANKITMETAL,1150,1164103.25,19
ANMOL,275,301275,3
ANSALAPI,10,10970.1,1
ANTGRAPHIC,1,1000,1
ANUP,321,327420,7
ANURAS,800,853162,9
APARINDS,26069,4532032.75,948
APCL,70,48999.3,1
APCOTEXIND,56,55919,2
APEX,43,43172,2
APLAPOLLO,57,57456,4
APLLTD,171779,77019758.2,10231
APOLLO,814551,635850390,22174
APOLLOHOSP,2734,2144961.45,460
APOLLOPIPE,6713,171650.3,78
APOLLOTYRE,105565,17829919.9,2213
APOLSINHOT,87586,183329610.9,14588
APTECHT,54843,2783978.95,1105
APTUS,393950,1284997354,34967
ARCHIDPLY,9774,178190530.3,2894
ARCHIES,1078594,119083330.2,8449
ARENTERP,947614,311446161.2,15084
ARIES,90,6773.95,4
ARIHANTCAP,18236,7983108.7,1579
ARIHANTSUP,528138,1197067819,26598
ARMANFIN,10306,11052029.75,1409
AROGRANITE,42217,11173663.9,1745
ARROWGREEN,356706,100533699.1,10805
ARSHIYA,67636,39492049.85,4785
ARSSINFRA,1840193,5937308018,67694
ARTEMISMED,735633,1534947556,45529
ARTNIRMAN,7491563,5908382296,103549
ARVEE,1634737,566922917.9,40190
ARVIND,271143,854221554.7,25143
ARVINDFASN,8287,5803106.2,582
ARVSMART,417,28555.25,16
ASAHIINDIA,7876,6962922.6,1055
ASAHISONG,22249,356028.1,269
ASAL,50855,5207360.05,1140
ASALCBR,14694,1206070.1,503
ASHAPURMIN,59852,16148535.65,5292
ASHIANA,230170,62647997.2,8466
ASHIMASYN,36673,34620283.3,6294
ASHOKA,580013,678706827.4,57195
ASHOKLEY,62904,43815728,7620
ASIANENE,102178,33250414.5,4483
ASIANHOTNR,5149,504678.7,139
ASIANPAINT,51735,1787618.45,475
ASIANTILES,129745,10989250.95,3087
ASPINWALL,11082,1337215.25,131
ASTEC,13104,1802817.9,182
ASTERDM,2053,866680.35,262
ASTRAL,69259,180042088,15624
ASTRAMICRO,109092,1937799.8,601
ASTRAZEN,129861,14416151.1,3048
ASTRON,20905,26177846.7,3167
ATFL,44066,11352793.85,743
ATGL,138852,1098277.4,399
ATLANTA,693923,1072368.15,546
ATUL,42679,1537063.95,330
ATULAUTO,19739,1175444.45,49
AUBANK,353234,16766217.2,729
AURIONPRO,14925,5025193.35,1071
AUROPHARMA,371388,4247010.75,802
AURUM,11306,24131889.25,2016
AUSOMENT,85342,987732.75,426
AUTOAXLES,1497,841411.15,203
AUTOIND,328622,22130868.75,4903
AVADHSUGAR,6167,5109266.35,887
AVANTIFEED,35940,3778771.9,990
AVROIND,24485,76831498.6,3039
AVTNPL,20468,58270961.5,4874
AWHCL,382761,151195868.2,10240
AWL,3534,1756724.2,349
AXISBANK,36772,3127161.25,939
AXISCADES,3372035,57771673.35,8055
AXITA,22590,1326926.35,346
AYMSYNTEX,6930,2030170.6,538
BAFNAPH,75000,173873,89
BAGFILMS,169677,83351671.9,5918
BAJAJ-AUTO,142831,326870196,8296
BAJAJCON,8050,224889.5,82
BAJAJELEC,28579,44952116,8250
BAJAJFINSV,6212954,3089102559,74673
BAJAJHCARE,21473,1567272.5,132
BAJAJHIND,19326,17705722,2050
BAJAJHLDNG,9937,277579.4,107
BAJFINANCE,7412,5300304.75,939
BALAJITELE,134096,90462416.4,5028
BALAMINES,1167327,117315573.8,7819
BALAXI,49007,21207931.05,2592
BALKRISHNA,99761,14308297.55,2912
BALKRISIND,26865,535061.4,242
BALMLAWRIE,647108,1027115258,26037
BALPHARMA,122283,5069157.5,888
BALRAMCHIN,81724,474017.4,249
BANARBEADS,7562,1265463.4,711
BANARISUG,87685,1840963.15,119
BANCOINDIA,1219902,867172.15,610
BANDHANBNK,4364,3863794.75,653
BANG,213251,157245056.8,12486
BANKA,34827,48823023.85,4555
BANKBARODA,9905,2270736,537
BANKINDIA,57873,32747952.45,3984
BANSWRAS,22207,6599846.6,1771
BARBEQUE,247517,273288821,13305
BARTRONICS,224475,129510613,5239
BASF,3565538,764965701.6,55205
BASML,277038,1182265657,28764
BATAINDIA,28603,14859771.75,2513
BAYERCROP,1528929,415774850.3,15658
BBL,41091,62447574.65,3047
BBOX,248674,74056464.05,7405
BBTC,352143,106111858,21012
BCG,68191,5468742.5,1078
BCLIND,792063,17728426.3,2852
BCONCEPTS,8507,287937.3,370
BCP,9939,1366846.9,414
BDL,293858,20832761.15,2610
BEARDSELL,18252,4022865.95,812
BECTORFOOD,3149,4341996.8,433
BEDMUTHA,9014,438346.65,194
BEL,29395,3488730.9,158
BEML,176458,2349032.2,361
BEPL,1964,41435.8,20
BERGEPAINT,115656,7554354.25,1492
BESTAGRO,33584,3788346.6,111
BFINVEST,862,79108.65,63
BFUTILITIE,795106,76799373.1,7564
BGRENERGY,271681,84139486.2,8010
BHAGCHEM,57064,14218949.8,1795
BHAGERIA,55338,34599167.2,5657
BHAGYANGR,12475,3708345.6,918
BHAGYAPROP,15488,6211703.45,1285
BHANDARI,46226,21933188.45,3399
BHARATFORG,55666,4959924,1077
BHARATGEAR,25016,4051329.8,960
BHARATRAS,57621,887389.6,179
BHARATWIRE,294353,22359499.45,3243
BHARTIARTL,10774956,1590299683,51968
BHEL,26182,1875748.05,468
BIGBLOC,6637,610799,128
BIL,779890,2507524872,74367
BINDALAGRO,205916,11778326.9,2162
BIOCON,6305,1497678.6,300
BIOFILCHEM,495199,1076423643,32705
BIRLACABLE,507272,120003414.9,10434
BIRLACORPN,289960,626986115.3,24152
BIRLAMONEY,184897,55574702.6,5052
BKMINDST,6246,18749856.25,1853
BLBLIMITED,66524,2278403.8,643
BLISSGVS,1445,1042346.8,327
BLKASHYAP,222741,712566730.6,14095
BLS,553947,11774487.45,2351
BLUEDART,30987,271396479.9,4562
BLUESTARCO,976168,249369876.5,16003
BODALCHEM,2191049,1272728933,34864
BOMDYEING,84204,35183737.9,4785
BOROLTD,728823,376051021,13860
BORORENEW,48969,6173516.5,341
BOSCHLTD,1565,113013.1,64
BPCL,26012,52475115.3,5002
BPL,97796,10528858.35,1970
BRIGADE,40191,20891827.15,2636
BRNL,50702,5214245,1184
BROOKS,118167,36842920.2,5460
BSE,3852695,2655447978,82442
BSHSL,13024911,10464902283,250427
BSL,56204,9261676.85,2023
BSOFT,57847,20573887.85,2413
BURNPUR,21548,1649740.8,296
BUTTERFLY,89,9058.5,10
BVCL,150514,809377.3,261
BYKE,336605,1217642217,26043
CALSOFT,187625,28727727.05,6339
CAMLINFINE,58788,67961111.35,5895
CAMPUS,1065166,1787684011,41097
CAMS,17973,6142054.95,1395
CANBK,2858462,30936276.2,3782
CANDC,87441,580825206.2,14772
CANFINHOME,608655,4357221205,61668
CANTABIL,67271,3264830.15,918
CAPACITE,38416,117283158.1,7773
CAPLIPOINT,1419,835883.1,79
CAPTRUST,21253,732366.35,462
CARBORUNIV,124382,239639319.1,10322
CAREERP,47824,5365384.9,1057
CARERATING,5053,469563.95,130
CARTRADE,852852,302766723.2,12953
CASTROLIND,6793,564740.1,139
CCCL,2724,7685860,236
CCHHL,104805,18770661.7,4153
CCL,2809125,744718187.3,28023
CDSL,44838,2113256.3,635
CEATLTD,1471,101455.75,59
CELEBRITY,14625936,1908860129,52278
CENTENKA,1699594,78902830.2,8609
CENTEXT,17778,1716780.9,647
CENTRALBK,21790,23044254.65,2889
CENTRUM,6566,23412.4,29
CENTUM,6603,18919637.5,1391
CENTURYPLY,27022,1351578.7,512
CENTURYTEX,284505,513518169,14708
CERA,3663,17081915.15,1331
CEREBRAINT,11020,21324232.8,2525
CESC,215227,36647430.75,4237
CGCL,19276,17384032.1,1917
CGPOWER,13758972,511178176.5,25997
CHALET,15088,4908649.05,994
CHAMBLFERT,7023,1281621.75,78
CHEMBOND,162593,757071.7,366
CHEMCON,411073,357882189.6,17620
CHEMFAB,20172,426883.75,218
CHEMPLASTS,74491,28362686.6,3738
CHENNPETRO,67564,4911706.05,909
CHEVIOT,7795689,795136769.3,41487
CHOICEIN,19443,29613816.45,3480
CHOLAFIN,127617,14842471.55,3559
CHOLAHLDNG,523981,325006557.5,18181
CIGNITITEC,58206,75930511.15,4564
CINELINE,21607,6462862.2,1373
CINEVISTA,273233,109636240.2,7550
CIPLA,45909,3239946.95,744
CLEAN,1216,1611883.75,193
CLEDUCATE,9719,1664051,428
CLNINDIA,23256,1024987.3,325
CLSEL,1827,75633.45,18
CMICABLES,121244,654074.4,402
CMSINFO,811464,610884557.1,20506
COALINDIA,26412,3777986.55,1131
COASTCORP,694,7594635.7,487
COCHINSHIP,77731,8895837.75,1271
COFFEEDAY,2842056,2190332519,101132
COFORGE,13430722,818923157.3,22576
COLPAL,32531,4115914.4,1051
COMPINFO,4610,991355.35,1012
COMPUSOFT,102968,2627035,688
CONCOR,4126270,1089152774,48573
CONFIPET,10930,529506.55,252
CONSOFINVT,40050,5344324.85,1413
CONTROLPR,36430,32755673.7,4324
CORALFINAC,2460628,159366610,17184
CORDSCABLE,64411,78026.9,69
COROMANDEL,9385,189611.1,94
COSMOFIRST,49462,3676914.75,1045
COUNCODOS,324805,8803423.45,726
CRAFTSMAN,1656580,473585016.4,84563
CREATIVE,13798,123831928.1,5136
CREATIVEYE,56828,65499427.85,7679
CREDITACC,246378,20907397.15,3905
CREST,954445,92991997.5,5653
CRISIL,230847,100331847.4,8551
CROMPTON,112175,63154181.2,6634
CROWN,10921,169963764.3,3342
CSBBANK,3029077,912843861.9,47213
CSLFINANCE,61452,4255596.95,791
CTE,242119,120859869.5,16272
CUB,33592,1190361.75,322
CUBEXTUB,8116,885806.4,133
CUMMINSIND,245807,145246815.4,13059
CUPID,92051,9946511.8,798
CYBERMEDIA,13867,1937653.25,467
CYBERTECH,1074518,300897830.4,17660
CYIENT,79447,391668,299
DAAWAT,42722,77740512,6189
DABUR,17798,422344.75,39
DALBHARAT,19282,801655.6,213
DALMIASUG,35073,656730.6,224
DAMODARIND,159531,18042601.6,3904
DANGEE,696108,405502465.4,27546
DATAMATICS,526042,1390832130,43964
DATAPATTNS,5142289,1147972545,25698
DBCORP,14870,41636,15
DBL,1489001,742827497.7,23788
DBOL,7588,9620965.15,909
DBREALTY,108395,17466103.15,2073
DBSTOCKBRO,29805,21112976.65,3006
DCAL,1358,130534.25,69
DCBBANK,85479,74995486.9,4784
DCM,30239,3914516.9,773
DCMFINSERV,75971,38217559.2,3378
DCMNVL,32440,19200850.85,5621
DCMSHRIRAM,3005592,368427849,21964
DCMSRIND,160001,273825.1,238
DCW,25585,199339.45,82
DECCANCE,130399,63568003.75,7449
DEEPAKFERT,195213,238552940,17791
DEEPAKNTR,95633,142746086.9,8216
DEEPENR,133895,2903002.45,805
DEEPINDS,32706,14826305.05,2149
DELHIVERY,98887,1143757.85,213
DELPHIFX,1459465,28362005.15,2980
DELTACORP,70875,1672422.5,439
DELTAMAGNT,11409,5931842.8,735
DEN,34443,21484502.4,5195
DENORA,67443,55348844.75,5310
DEVIT,2925,15844646.65,1342
DEVYANI,226820,8676844.15,952
DFMFOODS,673389,52560280.5,13656
DGCONTENT,184875,133562823.2,5798
DHAMPURSUG,1263400,323634074.1,16049
DHANBANK,294803,115651493.7,11843
DHANI,630330,199796954.9,14148
DHANUKA,7568,1415282.65,225
DHARAMSI,214480,91446129.7,9104
DHARSUGAR,20681,8394982.05,1286
DHRUV,46140,18541883,2215
DHUNINV,446337,103045163.7,10395
DIAMONDYD,2177,2593479.3,478
DICIND,37391,8936822.8,678
DIGISPICE,2075054,1514996185,24589
DIL,399430,252658466.1,14874
DISHTV,145295,77686296.85,4485
DIVISLAB,27433,3022808.95,319
DIXON,39849,522134.15,178
DLF,1438932,1599425304,75340
DLINKINDIA,66874,108214880.2,5922
DMART,15896,2239231.1,517
DNAMEDIA,11682,4818463.95,1145
DODLA,89195,10166840.8,2650
DOLATALGO,79043,1880883.5,1074
DOLLAR,161019,46752398.95,5922
DONEAR,7231841,1691484427,64575
DPABHUSHAN,21370,6707356.95,992
DPSCLTD,4393238,2388492800,78525
DPWIRES,2414762,123402664.8,11099
DRCSYSTEMS,136976,494790240.3,10408
DREAMFOLKS,85646,133405929.7,8182
DREDGECORP,104088,2425648.1,702
DRREDDY,63271,1419059.05,674
DSSL,1326752,932051686.3,23644
DTIL,325247,24459582.2,3093
DUCON,3003,416366.1,112
DVL,5086,2173871.85,557
DWARKESH,15773,557690.4,308
DYCL,29736,1909349.55,319
DYNAMATECH,372965,362941493.3,23211
DYNPRO,47663,39561139.85,5588
E2E,39343,156300.1,70
EASEMYTRIP,7791,21473045.2,2432
EASTSILK,18398,8553318.9,383
ECLERX,3329,14703.1,20
EDELWEISS,89568,88504142.45,5788
EICHERMOT,6759,1027202,271
EIDPARRY,17073,52698915.1,3404
EIFFL,1236941,474193852.5,24141
EIHAHOTELS,9744,369611.95,712
EIHOTEL,148563,35768072.7,4756
EIMCOELECO,5935,1476923.6,250
EKC,19050,1237742.2,316
ELDEHSG,2624508,478060747.4,19849
ELECON,11694,318944.5,254
ELECTCAST,195280,233759666.9,12353
ELECTHERM,21260,5181349.7,1264
ELGIEQUIP,194128,4195962.25,893
ELGIRUBCO,14310,2000941.55,446
EMAMILTD,108687,84024958.6,17679
EMAMIPAP,2893981,346034245.2,17148
EMAMIREAL,2075101,1107268148,37528
EMKAY,70179,105873187.3,4916
EMMBI,27284,9131285.95,2262
EMUDHRA,11204,522610.1,421
ENDURANCE,74131,1618206.35,749
ENERGYDEV,54368,16740752.85,3224
ENGINERSIN,98442,114461309.3,9176
ENIL,226281,27467808.9,4173
EPL,87540,19111902,3092
EQUIPPP,94166,15478558.4,2651
EQUITAS,679776,76120459.1,8332
EQUITASBNK,9283,229653.4,163
ERIS,521355,53677125.15,5253
EROSMEDIA,1382591,135038689.6,12903
ESABINDIA,37929,3129836.55,620
ESCORTS,16047,91467.9,63
ESSARSHPNG,42166,7540943.1,1166
ESSENTIA,45904,48182280.1,4852
ESTER,47136,3683444.7,1290
ETHOSLTD,1873846,107029174.6,5706
EUROTEXIND,20511,10478206.45,1305
EVEREADY,151294,135256470,7837
EVERESTIND,780470,1742063813,37271
EXCEL,47768,6603761.15,636
EXCELINDUS,196941,58508829.9,9081
EXIDEIND,43595,24454669.75,2697
EXPLEOSOL,2002,816709.65,304
EXXARO,3058371,657333448.1,23440
FACT,34169,2950986.35,740
FAIRCHEMOR,1223465,40852942.75,6335
FCL,11518,10363250.25,991
FCONSUMER,53423,12934841.2,2038
FCSSOFT,1432246,272689638.4,20576
FDC,54146,20396245.1,1357
FEDERALBNK,53877,754704.75,314
FEL,190039,41637001.45,7125
FELDVR,86059,1025157.2,307
FIBERWEB,644301,28452414.9,5112
FIEMIND,27555,18832947.6,3509
FILATEX,14969,5532425.95,1035
FINCABLES,4904,56346.55,52
FINEORG,69043,4468504.8,1004
FINOPB,262,167652.95,87
FINPIPE,8228,7319882.4,1681
FLEXITUFF,1906,791483.05,225
FLFL,27136,708293.9,287
FLUOROCHEM,945987,25459267.4,1750
FMGOETZE,13589604,224715639.5,13679
FMNL,299017,1053480880,28576
FOCUS,135229,578978129.7,11935
FOODSIN,3680850,1332269807,31255
FORCEMOT,718188,131991558.5,17105
FORTIS,171144,739444408.6,23476
FOSECOIND,53484,206191.05,178
FSC,10127,5065160.45,1182
FSL,60044,4230665.95,941
GABRIEL,19945,9739538.7,1849
GAEL,34307,2013854.85,875
GAIL,4733,1807142.55,341
GAL,68494,892581.25,377
GALAXYSURF,26016,11478651.05,1182
GALLANTT,3118,84410.75,30
GANDHITUBE,148129,57349899,6285
GANECOS,940066,327541204.6,24888
GANESHBE,302784,1291909620,31665
GANESHHOUC,10418,2920675.6,562
GANGAFORGE,2580,509289,195
GANGESSECU,348649,4948248.05,407
GARFIBRES,7233,1603368.6,240
GATEWAY,656496,65488480.95,6496
GATI,19108,3120424.05,865
GAYAHWS,27769,63988502.35,4961
GAYAPROJ,10805,3896652.3,746
GEECEE,990,176242.05,22
GEEKAYWIRE,882934,343457921.6,16775
GENCON,14913,55366.25,59
GENESYS,30759,40502241.7,4978
GENUSPAPER,1174950,71293814.35,11403
GENUSPOWER,753969,2631725456,56659
GEOJITFSL,309906,188248015.5,15412
GEPIL,11006,1747685.55,85
GESHIP,10989,4977274.45,951
GET&D,508053,93910153.35,11815
GFLLIMITED,1847,665090.9,94
GFSTEELS,133791,15219361.95,2305
GHCL,4218,2580116.2,289
GICHSGFIN,94215,31188192.7,3493
GICRE,1392138,55642240.9,3904
GILLANDERS,10016,777986.9,138
GILLETTE,221580,89325263.15,8391
GINNIFILA,24511,828946.25,389
GIPCL,22392,10660833.55,2031
GKWLIMITED,27365,4476898.2,996
GLAND,30831,2370316.85,585
GLAXO,7840,631618.8,276
GLENMARK,5524,538193.9,233
GLFL,87796,27155403.3,6531
GLOBAL,13947,18689632,2980
GLOBALVECT,34101,613014.35,269
GLOBE,1039045,65695329.65,11925
GLOBUSSPR,36170,5849488.9,333
GLS,86722,13621987.35,3968
GMBREW,2088,101503.25,33
GMDCLTD,251212,25117288.55,5057
GMMPFAUDLR,290049,14053483.2,2939
GMRINFRA,782278,548938436,14158
GMRP&UI,1184756,44070625.2,965
GNA,1796,6160195.85,576
GNFC,575930,1159228302,28498
GOACARBON,89600,778817.45,324
GOCLCORP,5204664,30737671.3,878
GOCOLORS,85274,14541676.3,2840
GODFRYPHLP,32287,31655467.4,4279
GODHA,9407,106762.6,82
GODREJAGRO,184264,57048990.6,2102
GODREJCP,49768,41811334.9,3963
GODREJIND,23236596,14959668.35,3265
GODREJPROP,6705,8384768.05,1441
GOENKA,1623608,250976258.8,18275
GOKEX,11017,13604315.9,2694
GOKUL,40238,4285322.35,1034
GOKULAGRO,74058,8583609.15,2263
GOLDENTOBC,40888,90557185.85,8248
GOLDIAM,369782,137360005.7,11572
GOLDTECH,3082406,5228722.9,2097
GOODLUCK,2487105,6962464.35,2736
GOODYEAR,532733,147705054.1,14210
GPIL,18586183,2334923505,52784
GPPL,475345,849085.2,617
GPTINFRA,9378,66002.85,52
GRANULES,31946,1236536.3,227
GRAPHITE,37620,59452344.25,4367
GRASIM,61614,6108648.75,892
GRAUWEIL,63593,29149656.7,5750
GRAVITA,72349,507192308.4,16260
GREAVESCOT,214494,42092377.15,7118
GREENLAM,295748,40023090.15,7838
GREENPANEL,15943,457310.75,237
GREENPLY,242074,1715009.1,825
GREENPOWER,106522,425525578.3,18605
GRINDWELL,42077,13859137.45,2859
GRINFRA,70097,343611.25,219
GRMOVER,180598,28680654.45,2202
GROBTEA,51865,4713092.2,1875
GRPLTD,137955,182023930.7,12524
GRSE,867973,236957001.8,20975
GRWRHITECH,1883,3540680.8,330
GSCLCEMENT,38527,936441,532
GSFC,1155813,119234855,8490
GSPL,136578,20848971.75,4892
GSS,140425,37362473.25,5224
GTL,6397554,549445352.4,27704
GTLINFRA,321010,900223.4,305
GTPL,3913,11486732.55,1330
GUFICBIO,21584,1202798.9,593
GUJALKALI,2377,1043295.05,172
GUJAPOLLO,46917,35654680.05,3159
GUJGASLTD,170142,22378140.35,1425
GUJRAFFIA,29388,11274472.8,1013
GULFOILLUB,85685,489703.65,306
GULFPETRO,1754,184759.95,97
GULPOLY,3813,12914229.8,1452
GVKPIL,296616,21109190.4,3897
HAL,202539,35660995.95,6889
HAPPSTMNDS,1003979,1043923.1,596
HARDWYN,10006897,133203179.3,9024
HARIOMPIPE,12099,1742989.5,359
HARRMALAYA,49507,2982363.85,779
HARSHA,33792,1043309.3,292
HATHWAY,9512,5219695.85,528
HATSUN,1114102,20249513.7,2895
HAVELLS,102971,8121182.05,1654
HAVISHA,459078,22440417.3,4762
HBLPOWER,40099,5900040.05,2439
HBSL,148941,75978204.35,9807
HCC,88319,11386279.6,1936
HCG,56289,3859319.25,700
HCL-INSYS,30,111,1
HCLTECH,138917,92522755.6,7302
HDFCAMC,10599,646529.25,153
HDFCBANK,1946,10035614.8,363
HDFCLIFE,25228,849998,292
HDIL,65678,5641223.45,1635
HEADSUP,180,106256.5,21
HECPROJECT,136119,288793570.3,14252
HEG,42095,58290450.85,5366
HEIDELBERG,790121,309455470.6,15853
HEMIPROP,827,2150.2,5
HERANBA,48956,19844969.8,1641
HERCULES,7890,451659,189
HERITGFOOD,326447,1800824.95,808
HEROMOTOCO,29821,24870893.95,2784
HESTERBIO,200029,83445068.1,9273
HEXATRADEX,37712,22191103.95,2967
HFCL,679578,95496748.25,6064
HGINFRA,40157,74899499,9717
HGS,7267888,252826270.5,38802
HIKAL,314517,8424008.35,936
HIL,31888,20689425.65,2610
HILTON,1867415,1226856377,41888
HIMATSEIDE,20835,8852557.75,1233
HINDALCO,9847,2625835.15,335
HINDCOMPOS,20193,26779465.1,3178
HINDCON,151903,198674218.5,11175
HINDCOPPER,1052171,3056750.35,1078
HINDMOTORS,204340,105583272.7,10892
HINDNATGLS,1326401,1121076429,57152
HINDOILEXP,571533,245766348.6,3290
HINDPETRO,297584,352801476.8,12500
HINDUNILVR,130300,221923.1,240
HINDWAREAP,502279,191139471.7,20930
HINDZINC,72706,2288953.3,1169
HIRECT,67865,5512920.85,1565
HISARMETAL,1832,144630,63
HITECH,52849,6651562.95,1599
HITECHCORP,15436,818413.2,240
HITECHGEAR,157323,69693078,7402
HLEGLAS,10340,10559538.5,2239
HLVLTD,187407,50218407.7,6070
HMT,616906,52784361.55,10126
HMVL,35322,4424599.6,1140
HNDFDS,1256799,432641863.7,13840
HOMEFIRST,713099,260476148.1,17938
HONAUT,748089,1245356912,21720
HONDAPOWER,463805,36758511.15,7424
HOTELRUGBY,245407,86090293.3,8410
HOVS,611568,92235031.65,13646
HPAL,36448,11179246,3422
HPL,188527,72091415.25,12531
HSCL,60920,10878725.5,2002
HTMEDIA,1275169,10975437.5,3115
HUBTOWN,52868,106687972.6,3319
HUHTAMAKI,1775305,228716168.5,12707
IBREALEST,1167477,255568997.8,12257
ICDSLTD,746789,1772210221,28402
ICEMAKE,120106,119600069.9,10337
ICICIBANK,4486,1136747.35,384
ICICIGI,72156,19508209.5,2807
ICICIPRULI,22319,3130574.7,654
ICIL,354561,155692261.8,11066
ICRA,1443082,23261637.05,2451
IDBI,13340,13358185,2325
IDEA,1498795,1854961780,35535
IDFC,18945,42123.3,54
IDFCFIRSTB,9759124,1155445436,42343
IEX,5240,273020.9,147
IFBAGRO,11287961,162044020.6,6247
IFBIND,119852,35313494.8,6272
IFGLEXPOR,148931,286180905,8031
IGARASHI,7357117,10244525590,219960
IGL,1463375,762015691.5,37151
IGPL,246426,1428702.85,694
IIFLSEC,239037,609830860.8,22157
IIFLWAM,2355,4617229.25,573
IITL,1350,222417.2,39
IL&FSENGG,7325714,561316629.4,22756
IL&FSTRANS,45091,25412725.95,5128
IMAGICAA,19851,25689609.05,3178
IMFA,132070,43163738.45,5388
IMPAL,32943,90858700.9,7561
IMPEXFERRO,114217,9041971.7,893
INCREDIBLE,199946,20329799.5,3624
INDBANK,16565725,6735150180,160406
INDHOTEL,3693,1222703.45,252
INDIACEM,2232261,265950567.5,32970
INDIAGLYCO,2025576,220829143.6,10608
INDIAMART,201532,3231194.4,1642
INDIANB,21590,201856.5,51
INDIANCARD,146076,19749854.85,2404
INDIANHUME,4266039,886294141.6,39229
INDIGO,753331,1941479207,53085
INDIGOPNTS,26759,9332374.7,2058
INDLMETER,312524,89975210.8,6768
INDNIPPON,19176,4495187.05,655
INDOAMIN,1749,223504.45,93
INDOBORAX,24603,14904805.4,1079
INDOCO,5393,1295572.25,213
INDORAMA,847,167971.65,115
INDOSTAR,9575,33983735.8,3779
INDOTECH,109926,1059977.85,266
INDOTHAI,11249,333757.55,84
INDOWIND,11683,650087.55,274
INDRAMEDCO,16878,7943367.4,2959
INDSWFTLAB,36444,30092536.35,4952
INDSWFTLTD,4891,188210738.8,1647
INDTERRAIN,7761,12226486.05,608
INDUSINDBK,967,4765,6
INDUSTOWER,14759,809418.3,517
INEOSSTYRO,48340,19168564.6,4169
INFIBEAM,104105,7482479.15,1746
INFOBEAN,3601200,361190388.4,13254
INFOMEDIA,149124,3217473.95,549
INFY,83268,4671978.6,277
INGERRAND,60156,13689419.9,2228
INOXLEISUR,6425293,485315175.2,20184
INOXWIND,1706,62140.35,31
INSECTICID,24800,5961132.95,553
INSPIRISYS,11563124,9931465585,140406
INTELLECT,476988,540251364.3,27714
INTENTECH,668379,336456214.6,19201
INTLCONV,171912,22121872.5,4107
INVENTURE,6395,26415894.6,1447
IOB,7636035,329655632.8,16345
IOC,84845696,725267166.2,185211
IOLCP,12370942,929258362,27909
IONEXCHANG,41923792,2283275992,49769
IPCALAB,2823101,396611211.4,34599
IPL,1379,764320.7,177
IRB,9887,8801340.75,1372
IRCON,7480,1870457,301
IRCTC,69010,28468310.4,3148
IRIS,7239,170705.15,81
IRISDOREME,37946,859197.3,363
ISEC,8894689,2828999023,80602
ISFT,15430935,3693569435,83670
ISGEC,90441,73493522.55,4278
ISMTLTD,102656,457812383,11827
ITC,638632,124413561.8,11628
ITDC,1927,394589.75,133
ITDCEM,25281,4282585.75,1023
ITI,447044,778968524.7,23644
IVC,9321,13815093.15,1570
IVP,4473,31999.25,28
IWEL,10526,4626943.35,847
IZMO,1778175,246084370.7,31577
J&KBANK,17464,2187705.3,713
JAGRAN,32159,10825161.65,2385
JAGSNPHARM,33948,1967750.05,513
JAIBALAJI,20011,3393195.4,120
JAICORPLTD,16677,3518594.2,325
JAIPURKURT,8709,1323413.95,59
JAMNAAUTO,58083,766401.6,442
JASH,49928,3093221.85,714
JAYAGROGN,10970,604222.75,200
JAYBARMARU,2739,25779.6,23
JAYNECOIND,628167,49543556.6,7133
JAYSREETEA,1982808,2342264170,52415
JBCHEPHARM,1454103,275169006.2,14972
JBFIND,35925,30703145.95,3047
JBMA,1344577,19304567.2,5197
JCHAC,8172,4544453.7,686
JETAIRWAYS,10276,47783.4,7
JETFREIGHT,4821514,6861725912,137929
JHS,8015,16820969.95,2801
JINDALPHOT,191312,95804302.9,10869
JINDALPOLY,469627,71567570.2,6590
JINDALSAW,40591,30110175.8,3986
JINDALSTEL,18079,915269.85,205
JINDRILL,297901,155612482.9,9865
JINDWORLD,16652,1166007.6,329
JISLDVREQS,26592,1538843.4,377
JISLJALEQS,1369825,3766103.25,1209
JITFINFRA,1016136,17417451.35,2034
JKCEMENT,9890714,661857179.1,35789
JKIL,86421,31651661,3913
JKLAKSHMI,5647,11187503.25,1377
JKPAPER,191386,170624181,5097
JKTYRE,137103,39248214.25,6284
JMA,3028393,661170856.6,19359
JMCPROJECT,1547950,66090322.5,6289
JMFINANCIL,1887973,1361670101,33997
JOCIL,5470,419717.1,214
JPASSOCIAT,3971,927217.4,70
JPINFRATEC,141505,71475606.45,6305
JPOLYINVST,5043,751137.95,133
JPPOWER,17064,8567618.7,3858
JSL,98049,5009117.15,1395
JSLHISAR,7266724,2393148173,88889
JSWENERGY,7894,2697686.55,621
JSWHL,758577,87930641.45,7347
JSWISPL,267212,27842197.6,6453
JSWSTEEL,464483,3893615.4,792
JTEKTINDIA,7240,1000800.2,165
JTLINFRA,25081,26261807.2,2008
JUBLFOOD,12459,886610.35,188
JUBLINDS,1096795,30996328.45,2836
JUBLINGREA,28668,1869420.1,572
JUBLPHARMA,36049,12555517.1,2926
JUSTDIAL,10929,443265.05,181
JWL,3086339,592837588.5,26711
JYOTHYLAB,16326,1095883.95,138
JYOTISTRUC,392236,42803016.15,8272
KABRAEXTRU,6611,5332882.5,271
KAJARIACER,13671,2677533.85,411
KAKATCEM,31824,5974517.1,981
KALPATPOWR,486831,11867121.95,1459
KALYANIFRG,27402,2561489.95,700
KALYANKJIL,36219,70443945.7,7617
KAMATHOTEL,650369,6480146.95,1126
KAMDHENU,434807,191041353.7,15069
KANANIIND,5285,7260553.1,939
KANORICHEM,25065,2405741.6,450
KANPRPLA,65335,1312479.15,367
KANSAINER,21142,479552.95,184
KAPSTON,17751,6056879.8,1190
KARMAENG,17052,14915513.85,1974
KARURVYSYA,228169,18902605.75,1952
KAUSHALYA,1241456,538228293.1,14472
KAVVERITEL,724447,235820030.9,23299
KAYA,14467,3924784,657
KBCGLOBAL,37772,713114.15,354
KCP,703300,25283861.6,1910
KCPSUGIND,10681,1258279.9,191
KDDL,62383,156251233.4,5926
KEC,51805,14052154.95,1956
KECL,106168,57983858.85,5266
KEEPLEARN,1736069,685957082.9,28660
KEI,1098367,186363640.6,14425
KELLTONTEC,10489,772426.45,199
KENNAMET,844519,91109653.5,18440
KERNEX,408035,27465387,6804
KESORAMIND,2225,417934.55,130
KEYFINSERV,19751305,225870729.6,27792
KHADIM,452890,996358,310
KHAICHEM,8033,3344972.3,502
KHAITANLTD,47222179,365185559.6,23709
KHANDSE,396055,50797281.15,6928
KICL,103012,25626378.55,7264
KILITCH,1018422,327131315,17601
KIMS,1768,7141465.7,619
KINGFA,340049,9479632.5,1243
KIOCL,938662,607982221.1,22452
KIRIINDUS,91894,9339799.75,1833
KIRLFER,352021,101161975.6,3768
KIRLOSBROS,1797963,1090025797,50963
KIRLOSENG,1706,807824.65,86
KIRLOSIND,445695,240341039.5,11776
KITEX,35442,11635299.35,2816
KKCL,139886,78341061.45,4575
KMSUGAR,48421,3499985.25,463
KNRCON,509323,102649356.8,8322
KOHINOOR,289804,4390973.15,323
KOKUYOCMLN,30211,10812201.9,4065
KOLTEPATIL,102931,112810169.4,7428
KOPRAN,8115,1753176.95,478
KOTAKBANK,355021,157107722.8,18013
KOTARISUG,1273,257378.45,20
KOTHARIPET,18262099,1839837003,60348
KOTHARIPRO,11001,989863.05,139
KOVAI,10434,1389053.5,192
KPIGREEN,134311,1089793.15,527
KPITTECH,21963,3177226.2,439
KPRMILL,10470,1175822.35,237
KRBL,48421,22886132.95,3115
KREBSBIO,1245,172141.15,61
KRIDHANINF,7037,185439.75,55
KRISHANA,3119060,258612095.7,22704
KRITI,23204,111119.35,93
KRITIKA,77753,824981.45,351
KRITINUT,5840,2138852.75,419
KRSNAA,2180081,4921271.95,1545
KSB,111649,13145423.4,2058
KSCL,293339,6851177.4,1237
KSHITIJPOL,33805,36945514.65,3990
KSL,352023,149186584.8,12091
KSOLVES,175576,7651126.35,1770
KTKBANK,286852,1423554.8,192
KUANTUM,498594,717325832.1,23353
L&TFH,95765,6094501.7,2210
LAGNAM,3894,10310772.2,1431
LAKPRE,21812,7270152.3,321
LALPATHLAB,554089,31673462.65,4210
LAMBODHARA,7447,775741.5,290
LANCER,156846,49860700.35,5605
LAOPALA,523551,40321642.55,7403
LASA,3944,185491.4,160
LATENTVIEW,118445,2619182.6,378
LAURUSLABS,91,157895.9,29
LAXMICOT,5683,966648.8,288
LAXMIMACH,42968,63075932.5,6593
LCCINFOTEC,894,970705.4,80
LEMONTREE,10850,2017928.3,329
LFIC,119562,60234386.7,5207
LGBBROSLTD,170696,48670628.45,6642
LGBFORGE,31270,11234482.9,1404
LIBAS,1041710,295107332.8,23292
LIBERTSHOE,5651,10226012.65,858
LICHSGFIN,44781,9160571.2,1568
LICI,237511,113798872.4,10159
LIKHITHA,167012,4441982.45,832
LINC,63321,14024391.85,5291
LINCOLN,179546,10158601.45,2584
LINDEINDIA,50571,3457406.35,555
LODHA,84548,28833103.8,4045
LOKESHMACH,50164,7798143.45,1530
LOTUSEYE,1172979,2115283570,62045
LOVABLE,950895,46269667.6,6152
LOYALTEX,47302,3361902.45,876
LPDC,1064,123014.95,53
LSIL,1047,1534337.1,265
LT,42739,36474414.85,3809
LTI,1502500,1010179506,38255
LTTS,289455,163345128.1,14771
LUMAXIND,1068443,421273188.7,20613
LUMAXTECH,3667,414062.1,149
LUPIN,28796,108049.9,84
LUXIND,38478,13150297.3,729
LXCHEM,44849,4060918.55,3568
LYKALABS,1639975,36749604,3369
LYPSAGEMS,22361,1150432.95,458
M&M,22565,10930402.65,1442
MAANALU,300068,53778004.55,2781
MACPOWER,30772,9051435.1,2112
MADHAV,12900,5333692.5,806
MADHUCON,874759,71891670.7,6227
MADRASFERT,202618,29642695.45,1722
MAGADSUGAR,5581003,426026617.6,16751
MAGNUM,24600,1701686.05,394
MAHABANK,729,4342.8,4
MAHAPEXLTD,435036,1030235452,28448
MAHASTEEL,25125,2467507.45,622
MAHEPC,215917,82612628.25,12071
MAHESHWARI,934453,369646654.9,28244
MAHINDCIE,25063,924366.25,247
MAHLIFE,102398,36263189.8,5658
MAHLOG,1485280,741130879,24551
MAHSCOOTER,5147,121687.15,91
MAHSEAMLES,1783,21461966.2,759
MAITHANALL,141421,368190.25,194
MALLCOM,3548325,306329743.7,22111
MALUPAPER,3013,309590.75,136
MANAKALUCO,136536,96794880.1,7310
MANAKCOAT,81643,850766.65,192
MANAKSIA,51538,1243334.3,465
MANAKSTEEL,1474153,583136936.6,27349
MANALIPETC,641441,259762453.1,13775
MANAPPURAM,686400,420907177.7,32072
MANGALAM,79901,29012032.15,4096
MANGCHEFER,2110,582746.95,192
MANGLMCEM,28197,8277547.75,1250
MANINDS,17532,55951016.65,4139
MANINFRA,160789,158266512.3,5016
MANORAMA,21798,2309105.15,217
MANORG,12482,920190.9,293
MANUGRAPH,7193,1091263.8,382
MANYAVAR,305,241855,63
MAPMYINDIA,140426,836376.7,330
MARALOVER,1380575,17611370.25,3279
MARATHON,1303645,2457034060,64804
MARICO,286696,1317410086,16254
MARINE,106993,381311112.6,9018
MARKSANS,17659,31111163.95,3906
MARSHALL,75023,20407581.75,3510
MARUTI,1220383,835540160.3,24355
MASFIN,25965,44252755.6,6589
MASKINVEST,349723,115585326.7,11008
MASTEK,32012,4178020.3,1100
MATRIMONY,8057,47103.95,43
MAWANASUG,2137351,2684582795,62892
MAXHEALTH,76021,13623737.35,2965
MAXIND,217103,84436962.65,9114
MAXVIL,89284,3619065.55,1102
MAYURUNIQ,18110,102098.9,70
MAZDA,135627,6752650.6,1359
MAZDOCK,9007,2698668.55,441
MBAPL,232394,3821192,1084
MBECL,1486245,26541162.1,2651
MBLINFRA,183,17530.95,10
MCDOWELL-N,14090,998548.4,459
MCL,36366,3672246.5,733
MCLEODRUSS,17979,1373166.3,280
MCX,960252,296634969,22575
MEDICAMEQ,185086,80132172.9,4199
MEDICO,37132,19263761.8,2845
MEDPLUS,3703,18449331.2,1205
MEGASOFT,2627292,2314984449,79812
MEGASTAR,27499,26252418.65,3113
MELSTAR,6565,4574494.25,435
MENONBE,24937,877839.95,197
MEP,28946,615256.6,344
MERCATOR,9528,173406.3,158
METALFORGE,24572,1977760.5,569
METROBRAND,29523,1120795.6,322
METROPOLIS,205307,19038850.5,5670
MFL,5304798,543122918.1,27548
MFSL,32822,4891636.25,836
MGEL,515822,65719901.55,2366
MGL,101357,38036692.3,5360
MHLXMIRU,32158,2971480.5,870
MHRIL,318493,26535764.3,4801
MICEL,1344,1726159.75,260
MIDHANI,2765,1527891.4,365
MINDACORP,1826,27054.2,28
MINDTECK,42221,59769863.15,6489
MINDTREE,22556,30617629.2,3048
MIRCELECTR,15900,1028101.15,143
MIRZAINT,10018,2220238.25,369
MITCON,1374739,708669029.5,32927
MITTAL,69748,2221491.7,581
MMFL,3353824,167620277,12419
MMP,203270,6186063.6,1359
MMTC,355605,3081114686,52563
MODIRUBBER,9745,7318774.85,1679
MODISONLTD,320,39424,7
MOHITIND,38750,63645355.55,4093
MOIL,7126,4479397.15,806
MOKSH,149189,13026044.65,3261
MOL,3306834,1421500496,53322
MOLDTECH,20305,1677983.45,369
MOLDTKPAC,185432,33894408.6,3466
MONARCH,66743,32037136.95,4538
MONTECARLO,2391,1464450.35,312
MORARJEE,7495550,4740463029,114341
MOREPENLAB,10277,9283593.25,386
MOTHERSON,278635,907880.25,183
MOTILALOFS,27216,530960.25,155
MOTOGENFIN,1076032,895924248.6,50717
MPHASIS,24567,649224.45,219
MPSLTD,349442,9983975.8,1831
MRF,226789,299307673.5,9528
MRO-TEK,6150,5770683.6,1322
MRPL,3187,443406.1,19
MSPL,36759,22101544.7,3379
MSTCLTD,107030,3788343.35,924
MSUMI,50529,11401001.9,349
MTARTECH,7878,19685,21
MTEDUCARE,107575,11803418.4,2718
MTNL,4528680,71081669.55,3885
MUKANDLTD,177958,207480.95,191
MUKTAARTS,2942,12580.95,35
MUNJALAU,273081,246014701.7,18257
MUNJALSHOW,119324,188968205.8,7311
MURUDCERA,48438,77369290.85,4805
MUTHOOTCAP,237153,174858418.8,10324
MUTHOOTFIN,115893,4113089,429
NACLIND,234859,184405100.9,14401
NAGAFERT,4435,664737.25,241
NAGREEKCAP,186209,50826397.1,6692
NAGREEKEXP,124548,1493761.75,459
NAHARCAP,863638,200691880,14590
NAHARINDUS,148262,31028314.6,5816
NAHARPOLY,18829,2616396.45,609
NAHARSPING,413243,1367644110,27405
NAM-INDIA,234413,4113116.65,706
NATCOPHARM,724036,247756992.9,20189
NATHBIOGEN,5348,364398.55,46
NATIONALUM,5236,61613.6,48
NATNLSTEEL,12745,10278116.8,2146
NAUKRI,1633,267978.25,56
NAVA,1733122,61319183.4,9746
NAVINFLUOR,1520,114743.3,20
NAVKARCORP,29416,2070870.1,589
NAVNETEDUL,7448,135111.25,73
NAZARA,43958,6648344.1,1781
NBCC,128242,1816749.35,366
NBIFIN,968104,113556905.3,7813
NCC,15887,1432766.8,210
NCLIND,22416,19051622.4,3866
NDGL,11620,3988924.5,515
NDL,119891,86526989.5,10462
NDRAUTO,3919,70367.65,49
NDTV,1104080,30969285.85,3684
NECCLTD,7032725,504854505.1,52726
NECLIFE,51879,36594419.3,3301
NELCAST,1413,38494.95,55
NELCO,217471,453318902,13312
NEOGEN,7584,4927192.2,1140
NESCO,8430,692870464.6,4736
NESTLEIND,7425,486508.2,180
NETWORK18,1045638,61028967.85,5148
NEULANDLAB,171988,1595640.55,427
NEWGEN,113539,29437974.75,3903
NEXTMEDIA,2746967,239262711.4,39854
NFL,44070,69988304.95,5426
NGIL,48470,400387.1,162
NGLFINE,702707,15148131.9,1776
NH,13826,1397265.95,214
NIACL,127616,4425677.25,1408
NIBL,23388,5882760.05,1340
NIITLTD,593384,606784202.1,21510
NILAINFRA,37469,2806430.6,372
NILASPACES,277112,2173997.55,439
NILKAMAL,4181,51841.55,43
NIPPOBATRY,20435,805152.15,286
NIRAJ,3184,1096284.7,385
NITCO,25815,2850505.5,450
NITINSPIN,13112,4209297.1,623
NITIRAJ,15196,4598280.45,1278
NLCINDIA,877065,236851241.6,10358
NMDC,200676,119218745.7,10042
NOCIL,14969,2373456.55,637
NOIDATOLL,22993510,1654274024,51484
NORBTEAEXP,4600,19780,9
NOVARTIND,162946,614139780.6,15706
NRAIL,278307,51429451.05,4820
NRBBEARING,106791,493619941.1,10639
NSIL,419970,23836040,3166
NUCLEUS,449,598530.45,64
NURECA,57062,1617989.45,473
NUVOCO,2128,947166.4,147
NXTDIGITAL,42172,14176129.65,1133
NYKAA,112410,2891719.05,787
OAL,78084,1676072.3,615
OBCL,125715,9488168.7,2006
OBEROIRLTY,74727,65359631.35,6226
OCCL,8739,13055657.3,2900
OFSS,107201,60764211.2,4484
OIL,30277,567695277.4,9988
OILCOUNTUB,384376,26075399,3245
OLECTRA,41919,64986054.1,5197
OMAXAUTO,49793,17910636,5092
OMAXE,18910,104453.5,38
OMINFRAL,178358,8594994.9,1474
OMKARCHEM,1765,218779.6,96
ONELIFECAP,2138,3072151.2,521
ONEPOINT,630382,443207383.8,15546
ONGC,101402,8656945.05,1811
ONMOBILE,36115,780707.15,230
ONWARDTEC,287047,85521944.85,10346
OPTIEMUS,485669,3120967.75,593
ORBTEXP,123157,379115.05,216
ORCHPHARMA,12712,25994332.4,848
ORICONENT,15556,6226976.7,2107
ORIENTABRA,3462,107480.2,141
ORIENTALTL,25210,579730.35,205
ORIENTBELL,83286,17598760.85,2916
ORIENTCEM,5629,450531.65,198
ORIENTELEC,2187074,149865375.2,10799
ORIENTHOT,14964175,1917729444,44046
ORIENTLTD,890441,228595331.9,16303
ORIENTPPR,85637,685058.8,154
ORISSAMINE,110,751,6
ORTEL,10578,7196341.95,331
ORTINLAB,28814,11656330.55,1062
OSWALAGRO,90763,15540251.05,4014
PAGEIND,1627,2730820.35,265
PAISALO,6991,2791823,671
PALASHSECU,16671,14448872.8,2625
PALREDTEC,191056,76964809.9,12641
PANACEABIO,4941,2087320.8,329
PANACHE,585363,718900256.3,42264
PANAMAPET,10359,5025753.6,1131
PANSARI,4646,451772.8,141
PAR,377775,340268412.3,17455
PARACABLES,2026,1772775.75,270
PARADEEP,52621,153553172.3,7161
PARAGMILK,1092385,206115626.9,12797
PARAS,26044,371281.95,185
PARSVNATH,283701,172573106.7,5232
PASUPTAC,333340,27136881.65,8220
PATANJALI,26587,2488463.25,563
PATELENG,44970,1580315.7,254
PATINTLOG,52205,892487.35,343
PAYTM,3576,49887.35,53
PCBL,549797,7624159.55,1468
PCJEWELLER,13320136,1723507835,62333
PDMJEPAPER,248037,27551050.7,4734
PDPL,10069,2623816.3,315
PDSL,290100,69477378.25,4493
PEARLPOLY,18742,2925695.25,680
PEL,9683,3267910.9,230
PENIND,28137,839480.45,379
PENINLAND,37146,1188596.3,488
PERSISTENT,35838,355160.45,156
PETRONET,4888,2926595.5,489
PFIZER,388,1068061.95,98
PFOCUS,12846,16386.9,17
PFS,15264,356206,150
PGEL,102354,4198055.4,735
PGHH,10721,544320204.2,5595
PGHL,572335,42187380.95,1542
PGIL,11629,1126698.15,647
PHOENIXLTD,6108,847417.1,156
PIDILITIND,204780,31120531.75,5179
PIIND,112357,8447033.4,1511
PILANIINVS,80429,22253601.5,3797
PILITA,1490,139303.75,118
PIONDIST,7445,1131789.05,270
PIONEEREMB,60882,1015610.9,274
PITTIENG,3291812,209227019.1,16703
PIXTRANS,183271,20290352.95,3144
PKTEA,75839,48877149.85,5267
PLASTIBLEN,80866,603622.8,206
PNB,211169,6906128.65,1394
PNBGILTS,114847,158587351.9,4579
PNBHOUSING,275748,6188123.45,802
PNC,74180,1026942.65,232
PNCINFRA,616004,425160189.1,21577
PODDARHOUS,680214,92063959.1,6208
PODDARMENT,724918,69814299.55,3319
POKARNA,464241,19224075.75,2678
POLICYBZR,8,30.8,1
POLYCAB,185886,54240021.55,2917
POLYMED,34803,661759.1,309
POLYPLEX,835211,676248317.8,45747
PONNIERODE,4509226,220788762.7,17754
POWERGRID,1517988,299427251.3,11970
POWERINDIA,23456,103177549.4,1091
POWERMECH,94587,7080546.75,448
PPAP,188219,2692928.75,557
PPL,21558,22662789,3171
PRAENG,5866,81299621.75,1527
PRAJIND,3028,12526229.45,1841
PRAKASH,4984,2225014.75,476
PRAKASHSTL,79230,110602486.6,6199
PRAXIS,161572,425279176.1,16402
PRECAM,114173,342821113.7,14538
PRECOT,2139,3833077.65,475
PRECWIRE,76616,606214.7,241
PREMEXPLN,3757,643274.9,193
PREMIER,5119,219145.65,64
PREMIERPOL,54754,16100867.45,2265
PRESSMN,2736,2353166.05,620
PRESTIGE,3665,968931.35,68
PRICOLLTD,103306,24215678.3,2280
PRIMESECU,30733961,1102389375,30952
PRINCEPIPE,126484,7714675.8,1344
PRITI,167453,65366072.15,6561
PRITIKAUTO,89555,4932613.95,2007
PRIVISCL,178724,47021564.1,5053
PROZONINTU,4356,981897.45,184
PRSMJOHNSN,561,144644.7,49
PRUDENT,38403,17172724,2170
PSB,239571,108995275.8,10407
PSPPROJECT,136687,352217025.8,10399
PTC,47682,46280974.15,6350
PTL,118969,216515525.8,15676
PUNJABCHEM,3396,854238.3,162
PURVA,12327678,2647933720,72998
PVP,8756,29851209,2593
PVR,37147,68597868.25,4387
QUESS,3206,696668.4,231
QUICKHEAL,33715,5688277.85,1396
RADAAN,159224,2359231.4,989
RADHIKAJWE,1998010,869294319.5,44343
RADICO,283684,14679917.55,2006
RADIOCITY,342468,1829104.35,894
RAILTEL,11600,366767.05,99
RAIN,59942,6400896.6,1797
RAINBOW,933,216784.95,78
RAJESHEXPO,88482,7844314.05,2931
RAJMET,5476,2383404.15,276
RAJRATAN,8729,31820.05,32
RAJRILTD,2347,213914.15,141
RAJSREESUG,451399,24264000.35,4055
RAJTV,514067,223692227.9,5419
RALLIS,700033,135528304.9,7202
RAMANEWS,13995,1391430.4,229
RAMAPHO,44245,25579684.55,4950
RAMASTEEL,51439,9215470.15,1000
RAMCOCEM,635327,10340074.5,1199
RAMCOIND,15109,21139223.85,2897
RAMCOSYS,59637,1306810.25,442
RAMKY,107095,13377544.85,2414
RAMRAT,17861,11859581.25,1458
RANASUG,72558,1093832.2,377
RANEENGINE,110846,70653768.4,5279
RANEHOLDIN,257878,19765183,3346
RATEGAIN,66412,2005326.25,549
RATNAMANI,22149,25514990.65,2301
RAYMOND,125976,11781860,3855
RBA,514611,4455418,401
RBL,413585,701936244,20380
RBLBANK,330653,196975953.7,7240
RCF,76549,15575200.45,2428
RCOM,1288,1803.2,11
REDINGTON,72425,2661856.85,928
REFEX,6733,275982.15,295
REGENCERAM,81031,17148613.25,3485
RELAXO,15151,242435.4,80
RELCHEMQ,21168,6304920.15,701
RELIANCE,1613447,183974255,15958
RELIGARE,217458,153206207.9,5276
RELINFRA,21969,4154187.05,1052
REMSONSIND,26513,6858545.1,1680
RENUKA,137601,29796952.45,3469
REPCOHOME,114447,23838910.75,4469
REPL,219999,5427792.55,1182
REPRO,2196,506634.05,138
RESPONIND,5621,4853788.45,676
REVATHI,175791,49275939.05,4450
RGL,23164,47328531.75,5227
RHIM,10162513,1247851629,35030
RICOAUTO,1233985,115034157.1,8319
RIIL,4533416,8671108.7,4635
RITCO,785342,106813580.7,11863
RITES,65214,10104215.5,3509
RKDL,2961,78614.55,63
RKEC,190825,186602718.5,21970
RKFORGE,25531,4882130.75,732
RMCL,3382098,8047737069,163282
RML,2849063,513330230.5,20948
ROHLTD,536787,76672516.25,4669
ROLEXRINGS,3078,690340.1,211
ROLLT,30631248,2001442172,64695
ROLTA,79935,17386158.65,3701
ROML,11738,1851727.65,385
ROSSARI,4503,2039759.8,449
ROSSELLIND,8591,1192359.9,345
ROTO,1465,1298591.05,131
ROUTE,82314,9180624.1,1634
RPGLIFE,291596,195100232.8,17174
RPOWER,626934,35803573.7,5037
RPPINFRA,788015,896443590.6,26972
RPPL,2604,504897.7,77
RPSGVENT,5863737,2170843923,90089
RSSOFTWARE,210343,3918688.1,584
RSWM,17374,792287.25,199
RSYSTEMS,587635,123364828.5,8027
RTNINDIA,16961,31377.85,23
RTNPOWER,6045,2195964.8,370
RUBYMILLS,111509,29832067,4297
RUCHINFRA,50386,102822727.3,7607
RUCHIRA,596258,780359.9,180
RUPA,121519,516324.8,191
RUSHIL,436,24783.2,30
RVHL,14799,13588963.95,2600
RVNL,18499,5257243,1011
S&SPOWER,16553,6832976.35,880
SABEVENTS,57705,80438064.7,5526
SADBHAV,242046,200782527.3,15558
SADBHIN,6040006,99983909.45,10051
SAFARI,22944,819851.7,348
SAGARDEEP,9447,1842620.95,372
SAGCEM,34226,16123558.95,2470
SAIL,57038,1555883.05,666
SAKAR,83251,26781169.15,5363
SAKHTISUG,29271,7027694.3,1308
SAKSOFT,1391410,68410614.15,7500
SAKUMA,8763504,38565369.7,4307
SALASAR,66954,16021460.6,2874
SALONA,64476,582638.75,205
SALSTEEL,139205,17338231.9,3307
SALZERELEC,82989,25675376.7,3256
SAMBHAAV,50771,25033407.6,3013
SANCO,46846,1289711.75,400
SANDESH,5302937,196230047.6,14250
SANDHAR,2039,57916.7,45
SANGAMIND,1,6.55,1
SANGHIIND,591684,7641811.9,2256
SANGHVIMOV,198585,1304471.85,536
SANGINITA,20797,36544803.95,6258
SANOFI,9644,274702.7,98
SANSERA,43365,8931505.45,1117
SANWARIA,12769213,999954239.6,34922
SAPPHIRE,41485,11742151.2,941
SARDAEN,228606,5169329.5,953
SAREGAMA,103232,10129908.25,3169
SARLAPOLY,121676,1732859.85,411
SASKEN,215370,6167279,1107
SASTASUNDR,3297,854070.95,227
SATHAISPAT,195427,2617195.75,597
SATIA,14432,3563128.9,708
SATIN,31819,129720.35,82
SBC,4792,41909.1,34
SBCL,365,278459.45,57
SBICARD,12382,2769330.1,566
SBILIFE,25761,6746474.7,1357
SBIN,186829,9536252.35,867
SCAPDVR,31958,7223361.3,1945
SCHAEFFLER,28569,649194.9,251
SCHAND,33171,191816368.5,7531
SCHNEIDER,44770,31628713.75,5770
SCI,850399,665163,378
SDBL,69827,99087201.5,6521
SEAMECLTD,13797,11418641.6,1665
SECURKLOUD,79306,29838724.95,6232
SELAN,36200,1753586.95,507
SELMC,10354,8432712.2,729
SEPC,19583,5930245.85,978
SEPOWER,505,1414,2
SEQUENT,181406,25123286.1,3138
SERVOTECH,56853,7487768.15,1600
SESHAPAPER,1290536,11108412.3,1291
SETCO,49303,22438532,2423
SETUINFRA,721065,623093469.6,31248
SFL,689562,824486833.6,44377
SGIL,12972765,6816438202,166849
SGL,187401,2784150.55,949
SHAHALLOYS,137908,458077512.6,24955
SHAILY,48684,8829061.5,2443
SHAKTIPUMP,735134,129568347.3,10115
SHALBY,1000577,120713541,6404
SHALPAINTS,428506,51382322.45,5015
SHANKARA,12884,14709079.55,285
SHANTI,69708,4603695.55,1053
SHANTIGEAR,77452,24646628.95,2653
SHARDACROP,1575,1158806.25,120
SHARDAMOTR,230731,1912559.9,259
SHAREINDIA,19245,356612.35,138
SHEMAROO,265800,27463812.7,5226
SHILPAMED,16646,3071598.6,232
SHIVALIK,80182,22438160.2,4321
SHIVAMAUTO,81986,911018.1,378
SHIVAMILLS,117970,214046.2,137
SHIVATEX,31619,83309189.95,6929
SHK,1874,281025.35,94
SHOPERSTOP,7140,168320.2,103
SHRADHA,9192,586838.7,203
SHREDIGCEM,1390,2594637.9,255
SHREECEM,14291,7127784.25,1289
SHREEPUSHK,25517,3388943.05,807
SHREERAMA,136500,22746384.6,7503
SHRENIK,116449,83620172.75,8153
SHREYANIND,12103,255124.45,89
SHREYAS,323320,117918285.7,13895
SHRIPISTON,34816,15098619.6,3398
SHRIRAMCIT,12051,9603446.6,1977
SHRIRAMPPS,38468,48030850.15,1951
SHYAMCENT,98894,15819660.25,2854
SHYAMMETL,56957,20126626.15,2618
SHYAMTEL,3712,3053155.5,472
SIEMENS,48613,1803650.75,349
SIGACHI,6155,739908.25,221
SIGIND,2634,411354.85,108
SIKKO,55094,7707538.35,1834
SIL,42036,32142948.5,4164
SILGO,1666,106508.1,23
SILINV,159333,10545694.25,1903
SILLYMONKS,63593,1333121344,16593
SILVERTUC,38982,9400938.7,1969
SIMBHALS,6093,85175.2,51
SIMPLEXINF,1106168,2160921.65,728
SINTERCOM,10711,1381580.45,359
SIRCA,33500,11318275.75,2384
SIS,108,85436.35,18
SITINET,24012,41398446.15,2825
SIYSIL,281312,21274223.35,3585
SJS,167363,3757287.15,1219
SJVN,82372,23478203.1,2068
SKFINDIA,1536,14862.4,11
SKIPPER,108557,297669818.1,13104
SKMEGGPROD,39631,10497345.55,3766
SMARTLINK,3449,133798.3,82
SMCGLOBAL,157032,23521874.35,2747
SMLISUZU,37261,814866.65,500
SMLT,19739,483445.8,173
SMSLIFE,1333,420979.4,102
SMSPHARMA,26289,752976.1,190
SNOWMAN,649,228504.3,61
SOBHA,10510,213926.45,79
SOFTTECH,180058,9660027.3,1748
SOLARA,1658,136261.75,48
SOLARINDS,63446,37602075.05,4842
SOMANYCERA,28469,11835457.1,1640
SOMATEX,1286638,2266069.2,692
SOMICONVEY,30153,13981221.45,3812
SONACOMS,42018,18012483.55,3622
SONAMCLOCK,1827366,59521674.05,5421
SONATSOFTW,17369,78861052.05,3717
SOTL,90649,6467339.3,1581
SOUTHBANK,60980,6684318.1,650
SOUTHWEST,37391,4906636.65,1059
SPAL,73062,5750226.95,507
SPANDANA,16682,13053236,1798
SPARC,25202,3088774.45,2212
SPCENET,558,373319.75,115
SPECIALITY,21365,1874025.2,248
SPENCERS,187814,6579535.15,1326
SPIC,136430,87474958.7,7331
SPICEJET,1831,318378.5,87
SPLIL,49370,20700996.9,5434
SPLPETRO,131940,508483341.5,5992
SPMLINFRA,33869,18469163.85,1217
SPORTKING,6171,45468.15,37
SPTL,2200,98355.3,37
SREEL,350358,161545687.7,14461
SRF,18616,703496.6,202
SRHHYPOLTD,64513,32988227,4847
SRPL,33234,9501137.75,1846
SSWL,331842,1117333.4,536
STAR,81605,18977042.5,4183
STARCEMENT,418090,1042671499,26926
STARHEALTH,15841,12004151.85,1618
STARPAPER,31336,2535582.1,414
STARTECK,25654,19699552.75,3088
STCINDIA,403510,125914490.6,15518
STEELCAS,105587,11344176.6,2510
STEELCITY,112776,81118297.65,11207
STEELXIND,76939,15257581,3613
STEL,11994,1607367.2,135
STERTOOLS,70440,6136556.8,910
STLTECH,2076,907113.8,146
STOVEKRAFT,11248,654162.65,166
STYLAMIND,363384,4717468.15,558
SUBCAPCITY,14894,1893166.95,447
SUBEXLTD,90489,18968690.3,1732
SUBROS,556825,94694238.2,8592
SUDARSCHEM,231185,158774675.8,11919
SUMEETINDS,15378,16645871.3,1911
SUMICHEM,1522,207027.8,41
SUMIT,1328541,42308405.95,3664
SUMMITSEC,17052,6285973.1,1408
SUNCLAYLTD,262841,108344317,5033
SUNDARAM,101406,621023.5,207
SUNDARMFIN,306375,155054756.1,15094
SUNDARMHLD,7303,90599.1,56
SUNDRMBRAK,4534,2770711,330
SUNDRMFAST,1280,5683627.45,441
SUNFLAG,453208,1294503.1,273
SUNPHARMA,42069,93070280.05,6093
SUNTECK,140086,13414220.4,3445
SUNTV,1802,613779.1,129
SUPERHOUSE,72708,66747309.75,6522
SUPERSPIN,109028,9023207.65,1899
SUPRAJIT,4498223,4350945079,96595
SUPREMEENG,158225,62908079.55,7613
SUPREMEIND,1267973,686770238.4,24741
SUPREMEINF,60436,14744807,2310
SUPRIYA,25354,262517.5,88
SURANASOL,64946,21195244.45,5965
SURANAT&P,302373,535689.5,263
SURYALAXMI,20382,40287663.25,4072
SURYAROSNI,18601,518967.9,53
SURYODAY,147169,42261096.15,5866
SUTLEJTEX,26610,617377.4,573
SUULD,42527,479468.9,291
SUVEN,14498,906266.2,270
SUVENPHAR,48467,22368974.8,2949
SUVIDHAA,104782,10088912.25,1603
SUZLON,68813,4573066.3,1162
SUZLON-RE,47619,2066598.15,333
SVPGLOB,497853,36318973.55,4992
SWANENERGY,226343,92137637.85,8352
SWARAJENG,84315,484137.7,272
SWELECTES,164628722,1115006250,70596
SWSOLAR,98126981,102857204.8,46871
SYMPHONY,101544,2883654.4,763
SYNGENE,85809,18183389.95,2481
SYRMA,4859,7957185.3,1068
TAINWALCHM,39628,12843503.65,1462
TAJGVK,637038,187915394.5,12871
TAKE,19674,16626296.4,3622
TALBROAUTO,277241,152161051,6399
TANLA,215455,61765192.65,6939
TANTIACONS,3179,283272.5,130
TARAPUR,113427,21643369.5,2718
TARC,94612,2307822.75,758
TARMAT,13782,6557833.35,1080
TARSONS,3452310,2889769127,101710
TASTYBITE,38250,503339.6,65
TATACHEM,4254,18316.8,17
TATACOFFEE,535200,22898095.2,2479
TATACOMM,1501,78211.05,65
TATACONSUM,35645,28509558.25,4400
TATAELXSI,1409,16876273.6,651
TATAINVEST,1477297,1702755013,42801
TATAMETALI,410047,87963074.4,7169
TATAMOTORS,382393,441519135.9,17109
TATAMTRDVR,1198492,905835253.1,29936
TATAPOWER,98972,826644091.8,18867
TATASTEEL,36952,85035840.05,5144
TATASTLLP,21148,15340489.45,2198
TATVA,12584114,5011016733,142183
TBZ,1847991,356273283.2,18124
TCI,9559072,2062161589,68244
TCIDEVELOP,34668093,3467784413,153438
TCIEXP,70758,43163163.7,2610
TCNSBRANDS,3001,7486378.35,1307
TCPLPACK,470228,37946297.05,7875
TCS,65212,51063074.95,6487
TDPOWERSYS,972,375014.65,21
TEAMLEASE,8575,16108537.9,2398
TECHIN,17915,11367966.1,2397
TECHM,13941,16977855.95,1274
TECHNOE,2054781,6333960811,104137
TEGA,54307,33647835.6,4310
TEJASNET,21808,65637584.65,3652
TEMBO,52277,519144.9,271
TERASOFT,1344162,1357772634,33844
TEXINFRA,157809,44128157.5,5092
TEXMOPIPES,32336,17293498.55,2472
TEXRAIL,904838,649959472.7,23480
TFCILTD,18178,1768045.9,354
TFL,34985,1663937.3,348
TGBHOTELS,11158,683392.6,129
THANGAMAYL,58020,3684350.45,1186
THEINVEST,1673754,79449744.25,7996
THEMISMED,271291,18211558.3,3056
THERMAX,183,1596.1,4
THOMASCOOK,18467,211314.15,83
THOMASCOTT,4011,5096270.6,778
THYROCARE,8850,820675.7,318
TI,1658,1672080.35,330
TIDEWATER,147077,300410946.3,18403
TIIL,176611,13595485.45,2246
TIINDIA,1206,45200.75,10
TIJARIA,12337,8327705.55,1336
TIL,470152,47471673.9,3898
TIMESGTY,5630,5811237.55,1506
TIMETECHNO,27027,19540204.6,1966
TIMKEN,203213,541110386.9,25740
TINPLATE,216337,1017259.45,287
TIPSFILMS,13582,1510964.3,478
TIPSINDLTD,1058,52698.2,95
TIRUMALCHM,698856,73385544.4,6213
TIRUPATIFL,30236,95335640.05,6714
TITAN,165311,49814754,5942
TMB,6223,2059190.7,117
TNPETRO,3598,5586158.15,587
TNPL,151241,32202685,5051
TNTELE,98358,1477909.25,247
TOKYOPLAST,1038687,2704655438,41122
TORNTPHARM,65116,30380499.85,5054
TORNTPOWER,85329,8340483.9,2456
TOTAL,184973,43275732.05,4519
TOUCHWOOD,4134,32336.3,32
TPLPLASTEH,2025,195804.8,80
TREEHOUSE,292748,466241855.2,18468
TREJHARA,251988,120660926.2,8292
TRENT,40483,6591361.45,774
TRF,12900,1384332.6,75
TRIDENT,85165,16544189.25,2526
TRIGYN,67216,1108303.1,217
TRIL,48848,3467752.45,730
TRITURBINE,286921,404074469.5,16470
TRIVENI,17997,3299749.95,229
TRU,3087786,111939050.1,21730
TTKHLTCARE,51184,5149753.3,978
TTKPRESTIG,485715,25149515.3,3136
TTL,856454,222999189.2,18078
TTML,2018155,572542446.3,34950
TV18BRDCST,230284,13875498.05,2878
TVSELECT,4090,3994507.1,427
TVSMOTOR,52301,51289799.55,6251
TVSSRICHAK,8409,726980.4,304
TVTODAY,915675,93543499.15,9234
TVVISION,3221114,119350049.1,10088
TWL,25076,6125385.65,1784
UBL,1370021,1476630036,45360
UCALFUEL,3661,8768476.55,844
UCOBANK,66452,18065077.35,1765
UDAICEMENT,2152,5918,3
UFLEX,296634,47402426.65,1358
UFO,96499,159941062.1,6978
UGARSUGAR,5881,751965.85,185
UJAAS,157835,484274.2,308
UJJIVAN,807037,201212397.9,19870
UJJIVANSFB,3813770,93658396.35,9809
ULTRACEMCO,314360,1933437504,34450
UMAEXPORTS,27677,1311347.7,535
UMANGDAIRY,2426,143494.65,110
UMESLTD,12449,51875.9,82
UNICHEMLAB,49010,17742823.65,2748
UNIDT,95237,28636717.6,3526
UNIENTER,2947,383387.1,117
UNIINFO,2169,52551.6,21
UNIONBANK,2761557,119339706.6,7077
UNITECH,818105,1538417.6,565
UNITEDPOLY,445280,28331119.75,2332
UNITEDTEA,3383,999377.65,100
UNIVASTU,12935,1008922.05,201
UNIVCABLES,250550,64252340.3,9096
UNIVPHOTO,64002,38897498.2,4948
UNOMINDA,99811,55937796.15,9254
UPL,745089,496513644.4,23639
URJA,477800,5261697.45,3011
USHAMART,1414146,186871153.4,13252
UTIAMC,68727,49665729.7,7300
UTTAMSTL,370689,1164351.3,316
UTTAMSUGAR,39434,10415283.15,1966
V2RETAIL,14005,1543243.75,384
VADILALIND,12024,30231862.5,1905
VAIBHAVGBL,109720,38231032.5,5692
VAISHALI,34114,3382760.35,490
VAKRANGEE,3893503,135444295.7,7146
VALIANTORG,16379,11761865,2447
VARDHACRLC,64564,3358246.75,546
VARDMNPOLY,6807,134581.2,85
VARROC,746430,233865226.7,4873
VASCONEQ,402052,11028517.85,1058
VASWANI,49553,1011264.2,322
VBL,1645516,1768383739,74284
VCL,207975,1885222.5,658
VEDL,10965277,3190981861,94256
VENKEYS,14624,28392285.6,2773
VENUSPIPES,300567,202624721.4,11652
VENUSREM,34004,6901340.5,1093
VERANDA,444899,151269887.7,12966
VERTOZ,294864,36886731.2,4625
VESUVIUS,4645,6795329.65,1006
VETO,33864,3558146.1,534
VGUARD,627464,157732530.2,12740
VHL,899,2792579.3,183
VIDHIING,10896,4176587,1161
VIJAYA,47189,19989636.2,2778
VIJIFIN,186994,459562.05,259
VIKASECO,6979003,23580253.3,3313
VIKASLIFE,5434604,26743315.7,4911
VIKASPROP,759091,636891.3,789
VIKASWSP,79080,166427.6,118
VIMTALABS,48664,16991900.45,3175
VINATIORGA,16485,32670704.85,4061
VINDHYATEL,13258,18718027.7,2295
VINEETLAB,16285,1045770.6,282
VINYLINDIA,23869,13649617.3,1414
VIPCLOTHNG,248946,9294062.85,1258
VIPIND,147160,101391879.2,7708
VIPULLTD,7757,96685.75,58
VISAKAIND,38349,21020421.5,2277
VISASTEEL,11853,168565.05,144
VISESHINFO,7060383,4332424.95,4235
VISHAL,133307,3046988.75,827
VISHNU,15958,29486207.05,3131
VISHWARAJ,309168,5295330.35,1119
VIVIDHA,341847,434690,618
VIVIMEDLAB,75827,747079.1,236
VLSFINANCE,11858,1581158.55,367
VMART,13266,37119747.9,4979
VOLTAMP,24433,63602371.4,3856
VOLTAS,431376,375320245.9,11055
VRLLOG,91615,54172972.5,6680
VSSL,7917,1979782.75,499
VSTIND,4450,14581845.6,1559
VSTTILLERS,9256,20556468.2,3173
VTL,248458,87282671.45,8851
WABAG,61636,16178468.85,2839
WALCHANNAG,69441,3915398.05,312
WANBURY,6064,407872.2,56
WATERBASE,24235,1936145.35,428
WEALTH,486,127151.05,106
WEBELSOLAR,67469,6486669.65,1324
WEIZMANIND,14398,1233321.3,325
WELCORP,1331677,321821937.1,24673
WELENT,99171,12426877,2212
WELINV,153,43758.15,34
WELSPUNIND,494629,37827382.2,5533
WENDT,381,2909080.8,160
WESTLIFE,169980,122641963.4,9203
WEWIN,5898,286787.9,46
WFL,2685,459005.5,208
WHEELS,3197,1964111.65,285
WHIRLPOOL,108208,171103751.1,5294
WILLAMAGOR,17,423.3,2
WINDLAS,27308,6288984.25,1198
WINDMACHIN,125907,4625224.5,881
WINPRO,483295,2641879.75,414
WIPL,12659,1425769.35,163
WIPRO,42448106,16252222825,618958
WOCKPHARMA,325191,78725547.5,8646
WONDERLA,137056,50699640.4,10225
WORTH,13039,1568993.25,341
WSTCSTPAPR,183045,95764421.75,9811
XCHANGING,545160,44898131.65,7372
XELPMOC,17004,2935472.25,695
XPROINDIA,14956,10358811,1136
YAARI,41365,1454889,494
YESBANK,38929298,614207566.3,44072
YUKEN,3493,1808177.3,240
ZEEL,14644033,3969010170,91294
ZEELEARN,285925,2037320.35,577
ZEEMEDIA,623345,10325523.2,1128
ZENITHEXPO,130297,17222759.95,3100
ZENITHSTL,154184,837670.95,394
ZENSARTECH,474599,103843327.2,14116
ZENTEC,128269,25147467.85,3868
ZFCVINDIA,10659,114080528.3,3987
ZODIAC,22475,3278438.7,979
ZODIACLOTH,4595,426215.75,119
ZOMATO,73750800,4606351987,132130
ZOTA,11458,3205932.3,651
ZUARI,256519,47151326.75,4693
ZUARIIND,33839,5618621.5,1273
ZYDUSLIFE,612113,255363764.4,13615
ZYDUSWELL,25738,44788060.25,5266
